"SONG_ID","TITLE","SP BEGINNER","SP NORMAL","SP HYPER","SP ANOTHER","SP LEGGENDARIA","DP NORMAL","DP HYPER","DP ANOTHER","DP LEGGENDARIA","SPB","SPN","SPH","SPA","SPL","DPN","DPH","DPA","DPL"
"1","GAMBOL","NULL","137","137","NULL","NULL","137","137","NULL","NULL","NULL","2","2","NULL","NULL","2","2","NULL","NULL"
"2","GRADIUSIC CYBER","NULL","442","508","609","NULL","409","556","631","NULL","NULL","5","6","7","NULL","4","9","9","NULL"
"3","R3","NULL","330","368","454","NULL","384","392","475","NULL","NULL","4","5","6","NULL","4","6","8","NULL"
"4","22DUNK","NULL","265","323","329","NULL","333","334","329","NULL","NULL","3","4","5","NULL","5","5","5","NULL"
"5","5.1.1.","NULL","99","511","786","NULL","99","511","796","NULL","NULL","2","6","10","NULL","1","7","10","NULL"
"6","BRILLIANT 2U","NULL","270","330","362","NULL","288","363","NULL","NULL","NULL","3","4","4","NULL","3","5","NULL","NULL"
"7","deep in you","NULL","250","255","333","NULL","283","293","364","NULL","NULL","4","4","5","NULL","3","4","7","NULL"
"8","GENOM SCREAMS","NULL","211","417","536","NULL","211","417","538","NULL","NULL","3","6","9","NULL","3","6","9","NULL"
"9","KEEP ON MOVIN’","NULL","98","122","NULL","NULL","119","122","NULL","NULL","NULL","2","3","NULL","NULL","2","3","NULL","NULL"
"10","PARANOIA MAX～DIRTY MIX～","NULL","280","376","562","NULL","280","406","581","NULL","NULL","5","6","8","NULL","3","6","9","NULL"
"11","THE EARTH LIGHT","NULL","398","530","581","NULL","456","718","581","NULL","NULL","4","7","8","NULL","5","10","7","NULL"
"12","Dancin’ Into The Night","NULL","216","235","NULL","NULL","224","237","NULL","NULL","NULL","2","3","NULL","NULL","2","3","NULL","NULL"
"13","Hitch Hiker","NULL","329","414","469","NULL","372","469","NULL","NULL","NULL","3","4","5","NULL","4","6","NULL","NULL"
"14","I Was The One","NULL","272","326","348","NULL","205","270","NULL","NULL","NULL","3","3","4","NULL","2","2","NULL","NULL"
"15","PUT YOUR FAITH IN ME(for beatmania II)","NULL","291","434","NULL","NULL","288","434","NULL","NULL","NULL","3","6","NULL","NULL","4","7","NULL","NULL"
"16","SP-TRIP MACHINE(for beatmania II)","NULL","254","313","324","NULL","254","311","NULL","NULL","NULL","3","4","4","NULL","3","5","NULL","NULL"
"17","0.59","NULL","360","514","584","NULL","444","514","585","NULL","NULL","4","6","7","NULL","4","6","7","NULL"
"18","CAN’T STOP FALLIN’IN LOVE","NULL","310","632","NULL","NULL","313","620","NULL","NULL","NULL","4","8","NULL","NULL","4","7","NULL","NULL"
"19","Don’t Stop!","NULL","389","428","453","NULL","391","450","NULL","NULL","NULL","4","4","4","NULL","4","4","NULL","NULL"
"20","era (nostalmix)","NULL","437","555","786","NULL","437","952","1226","NULL","NULL","5","8","9","NULL","5","12","12","NULL"
"21","Holic","NULL","395","624","880","NULL","680","875","1136","NULL","NULL","5","7","11","NULL","7","10","12","NULL"
"22","LEADING CYBER","NULL","434","611","645","NULL","478","611","645","NULL","NULL","4","6","7","NULL","4","6","6","NULL"
"23","never let you down","NULL","408","575","581","NULL","465","577","NULL","NULL","NULL","4","5","5","NULL","4","6","NULL","NULL"
"24","R5","NULL","387","588","889","NULL","430","599","870","NULL","NULL","5","8","11","NULL","5","8","11","NULL"
"25","REINCARNATION","NULL","424","525","643","NULL","398","525","643","NULL","NULL","4","5","7","NULL","4","5","7","NULL"
"26","Schlagwerk","NULL","414","663","848","NULL","412","1043","1090","NULL","NULL","4","6","8","NULL","4","11","11","NULL"
"27","Skyscraper","NULL","372","610","629","NULL","413","628","NULL","NULL","NULL","4","6","7","NULL","4","7","NULL","NULL"
"28","Tangerine Stream","NULL","141","198","NULL","NULL","151","199","NULL","NULL","NULL","2","3","NULL","NULL","2","3","NULL","NULL"
"29","THE SAFARI","183","618","900","NULL","NULL","624","900","NULL","NULL","NULL","7","10","NULL","NULL","8","10","NULL","NULL"
"30","ABSOLUTE","NULL","682","935","1218","1412","728","934","1338","1488","NULL","6","8","10","11","6","8","11","11"
"31","Broken My Heart","NULL","474","751","914","NULL","405","742","914","NULL","NULL","5","7","9","NULL","4","7","10","NULL"
"32","CHECKING YOU OUT","NULL","339","481","700","NULL","339","482","703","NULL","NULL","7","9","11","NULL","7","11","11","NULL"
"33","Clione","NULL","264","479","811","1102","264","477","1010","1203","NULL","4","5","9","11","3","4","9","11"
"34","DIAMOND JEALOUSY","NULL","343","546","NULL","NULL","340","542","NULL","NULL","NULL","5","6","NULL","NULL","4","6","NULL","NULL"
"35","DXY!","NULL","651","968","1158","NULL","781","1332","1529","NULL","NULL","6","9","10","NULL","6","12","12","NULL"
"36","empathy","NULL","416","703","743","NULL","411","961","NULL","NULL","NULL","5","7","8","NULL","4","11","NULL","NULL"
"37","era (step mix)","NULL","565","733","875","NULL","503","728","1226","NULL","NULL","5","8","9","NULL","4","8","12","NULL"
"38","FLOWERS for ALBION","NULL","122","222","NULL","NULL","190","222","NULL","NULL","NULL","2","5","NULL","NULL","5","7","NULL","NULL"
"39","HIGHER","NULL","270","468","641","NULL","362","578","611","NULL","NULL","3","4","6","NULL","4","6","7","NULL"
"40","Hitch Hiker2","NULL","420","609","665","976","518","880","864","975","NULL","4","6","7","9","5","9","9","10"
"41","Jam&Marmalade","NULL","388","456","512","NULL","327","451","NULL","NULL","NULL","6","7","8","NULL","4","6","NULL","NULL"
"42","KAMIKAZE","NULL","515","745","1157","NULL","512","745","1156","NULL","NULL","5","6","10","NULL","5","7","10","NULL"
"43","LOVE WILL・・・","NULL","279","379","732","NULL","330","529","726","NULL","NULL","4","4","7","NULL","4","6","8","NULL"
"44","minimalian","NULL","271","555","706","NULL","263","626","1015","NULL","NULL","3","8","9","NULL","3","9","12","NULL"
"45","starmine","224","456","719","800","NULL","566","796","1098","NULL","NULL","5","8","9","NULL","5","8","12","NULL"
"46","SWEET LAB","NULL","280","496","692","NULL","445","674","719","NULL","NULL","3","6","10","NULL","6","10","12","NULL"
"47","Under Construction","NULL","417","507","582","NULL","417","569","754","NULL","NULL","5","7","8","NULL","5","7","8","NULL"
"48","Voltage (feat. Hidemaru)","NULL","480","630","670","NULL","480","964","NULL","NULL","NULL","5","7","8","NULL","5","11","NULL","NULL"
"49","250bpm","NULL","353","528","726","NULL","351","523","672","NULL","NULL","5","8","10","NULL","4","7","9","NULL"
"50","Abyss","NULL","639","817","945","NULL","771","889","964","NULL","NULL","5","7","8","NULL","7","8","9","NULL"
"51","Estella","NULL","382","559","NULL","NULL","567","799","NULL","NULL","NULL","4","6","NULL","NULL","6","10","NULL","NULL"
"52","in my eyes","NULL","484","739","798","NULL","484","842","1051","NULL","NULL","5","6","7","NULL","5","8","10","NULL"
"53","INSERTiON","NULL","452","664","835","NULL","445","595","850","NULL","NULL","5","7","8","NULL","5","7","8","NULL"
"54","Kiss me all night long","NULL","471","629","746","NULL","480","620","703","NULL","NULL","5","6","7","NULL","5","6","7","NULL"
"55","LOVE AGAIN TONIGHT～for Mellisa mix～","NULL","385","501","561","NULL","466","555","NULL","NULL","NULL","4","5","6","NULL","4","5","NULL","NULL"
"56","outer wall","NULL","474","687","892","NULL","474","736","902","NULL","NULL","5","6","8","NULL","5","7","10","NULL"
"57","QQQ","NULL","621","961","1091","NULL","1016","1346","NULL","NULL","NULL","5","8","10","NULL","10","12","NULL","NULL"
"58","Radical Faith","NULL","602","768","660","NULL","749","1255","1101","NULL","NULL","5","6","7","NULL","6","11","10","NULL"
"59","Real","NULL","580","866","920","NULL","796","949","1139","NULL","NULL","5","8","9","NULL","7","9","11","NULL"
"60","Regulus","NULL","551","788","881","NULL","545","805","1065","NULL","NULL","6","9","10","NULL","6","10","11","NULL"
"61","RIDE ON THE LIGHT (HI GREAT MIX)","NULL","452","548","862","931","469","616","904","1010","NULL","4","5","8","10","5","8","9","10"
"62","RISLIM","NULL","463","625","NULL","NULL","463","625","NULL","NULL","NULL","4","7","NULL","NULL","4","6","NULL","NULL"
"63","sometime","NULL","393","539","672","NULL","393","676","693","NULL","NULL","4","6","8","NULL","5","8","8","NULL"
"64","Spin the disc","NULL","409","659","674","NULL","618","900","NULL","NULL","NULL","5","7","8","NULL","7","10","NULL","NULL"
"65","STILL IN MY HEART","NULL","517","705","971","NULL","516","705","1286","NULL","NULL","5","7","9","NULL","4","6","11","NULL"
"66","still my words","NULL","464","619","NULL","NULL","437","726","NULL","NULL","NULL","4","6","NULL","NULL","5","7","NULL","NULL"
"67","sync","NULL","549","982","1204","NULL","796","1030","1208","NULL","NULL","6","8","10","NULL","7","9","11","NULL"
"68","THE SHINING POLARIS","NULL","485","667","799","NULL","485","665","NULL","NULL","NULL","5","7","8","NULL","6","8","NULL","NULL"
"69","Time is money","NULL","308","327","NULL","NULL","317","327","NULL","NULL","NULL","3","3","NULL","NULL","3","3","NULL","NULL"
"70","V","173","646","1272","1519","NULL","757","1385","1504","NULL","NULL","5","10","12","NULL","6","10","11","NULL"
"71","BALLAD FOR YOU～想いの雨～","NULL","297","387","537","NULL","375","546","NULL","NULL","NULL","4","5","7","NULL","5","8","NULL","NULL"
"72","Blueberry Stream","NULL","429","770","846","NULL","598","817","868","NULL","NULL","5","7","8","NULL","7","9","10","NULL"
"73","Buffalo","NULL","511","744","932","NULL","479","744","932","NULL","NULL","5","7","10","NULL","4","8","10","NULL"
"74","Colors (radio edit)","NULL","751","1011","1258","NULL","714","1099","1255","NULL","NULL","6","9","12","NULL","6","10","12","NULL"
"75","fly through the night","NULL","452","688","863","NULL","452","688","981","NULL","NULL","4","7","8","NULL","4","8","10","NULL"
"76","Free Style","NULL","473","571","664","NULL","473","579","NULL","NULL","NULL","5","6","7","NULL","6","6","NULL","NULL"
"77","Frozen Ray (original mix)","NULL","669","897","909","NULL","428","839","937","NULL","NULL","6","9","9","NULL","5","9","9","NULL"
"78","G2","NULL","752","942","1188","NULL","665","830","1377","NULL","NULL","8","9","11","NULL","6","7","12","NULL"
"79","L’amour et la liberte","NULL","521","811","NULL","NULL","521","811","NULL","NULL","NULL","5","8","NULL","NULL","5","8","NULL","NULL"
"80","Linus","NULL","489","789","1105","NULL","585","1007","1210","NULL","NULL","5","9","11","NULL","5","9","11","NULL"
"81","NEMESIS","NULL","524","839","973","NULL","667","977","1367","NULL","NULL","5","9","11","NULL","7","10","12","NULL"
"82","rottel-da-sun","NULL","417","692","936","NULL","418","693","NULL","NULL","NULL","5","8","10","NULL","5","8","NULL","NULL"
"83","route 80s","NULL","457","614","766","NULL","562","765","900","NULL","NULL","6","8","9","NULL","7","11","12","NULL"
"84","Silhoette of My Mind","NULL","304","403","NULL","NULL","339","451","NULL","NULL","NULL","4","6","NULL","NULL","5","7","NULL","NULL"
"85","SOMETHING WONDERFUL","NULL","471","688","1003","NULL","458","690","1003","NULL","NULL","6","8","10","NULL","4","8","11","NULL"
"86","Summer Vacation(CU mix)","NULL","667","949","NULL","NULL","984","1328","NULL","NULL","NULL","6","9","NULL","NULL","9","12","NULL","NULL"
"87","Take It Easy","NULL","760","1229","1282","NULL","745","1356","NULL","NULL","NULL","7","10","11","NULL","6","11","NULL","NULL"
"88","VJ ARMY","NULL","663","893","972","NULL","658","839","1138","NULL","NULL","6","7","8","NULL","5","7","10","NULL"
"89","19,November","NULL","560","733","910","NULL","589","733","1045","NULL","NULL","5","6","8","NULL","5","7","10","NULL"
"90","こっちを向いてよ","NULL","438","667","703","NULL","625","767","1127","NULL","NULL","5","6","7","NULL","6","9","11","NULL"
"91","電人イェーガーのテーマ (Theme of DENJIN J)","NULL","563","796","NULL","NULL","700","835","NULL","NULL","NULL","5","7","NULL","NULL","8","10","NULL","NULL"
"92","A","NULL","666","1111","1260","NULL","613","1119","1343","NULL","NULL","6","10","12","NULL","8","11","12","NULL"
"93","AVE DE RAPINA","NULL","713","882","934","NULL","948","1113","NULL","NULL","NULL","6","8","9","NULL","8","10","NULL","NULL"
"94","Bad Routine","NULL","522","716","964","NULL","566","716","1042","NULL","NULL","5","7","9","NULL","6","7","9","NULL"
"95","BRING HER DOWN","NULL","533","745","900","NULL","751","1010","NULL","NULL","NULL","5","7","9","NULL","7","10","NULL","NULL"
"96","Burning Heat! (Full Option Mix)","NULL","361","494","755","931","359","496","789","945","NULL","4","5","7","10","4","5","9","10"
"97","CLOUDY MUSIC","NULL","422","620","NULL","NULL","422","619","NULL","NULL","NULL","5","7","NULL","NULL","5","8","NULL","NULL"
"98","D2R","NULL","494","671","823","NULL","525","665","NULL","NULL","NULL","5","6","8","NULL","5","6","NULL","NULL"
"99","DESTINY","NULL","546","700","925","NULL","575","700","NULL","NULL","NULL","5","6","8","NULL","4","6","NULL","NULL"
"100","entrance","NULL","480","740","845","NULL","648","778","1150","NULL","NULL","5","8","9","NULL","6","8","10","NULL"
"101","Glorious Days","NULL","262","411","463","NULL","395","461","NULL","NULL","NULL","3","5","6","NULL","6","7","NULL","NULL"
"102","Happy Wedding","NULL","620","872","940","NULL","610","899","1061","NULL","NULL","6","7","8","NULL","6","8","10","NULL"
"103","i feel ...","NULL","454","556","626","NULL","527","556","NULL","NULL","NULL","4","5","7","NULL","4","5","NULL","NULL"
"104","Let the Snow Paint Me","NULL","431","537","624","NULL","485","559","NULL","NULL","NULL","4","6","7","NULL","6","7","NULL","NULL"
"105","Love Me Do","NULL","571","857","1058","NULL","577","899","NULL","NULL","NULL","5","7","9","NULL","5","7","NULL","NULL"
"106","Marmalade Reverie","NULL","436","504","638","NULL","580","704","921","NULL","NULL","4","5","7","NULL","6","7","9","NULL"
"107","MAX 300","NULL","571","982","NULL","NULL","566","982","NULL","NULL","NULL","8","10","NULL","NULL","6","10","NULL","NULL"
"108","Spica","NULL","328","772","1167","NULL","327","782","1203","NULL","NULL","4","9","11","NULL","3","9","12","NULL"
"109","Tomorrow Perfume","NULL","685","1000","1085","NULL","729","1212","1311","NULL","NULL","6","9","9","NULL","6","10","11","NULL"
"110","ZERO-ONE","NULL","556","874","1132","1448","556","874","1169","1458","NULL","5","9","10","11","5","8","10","11"
"111","革命","NULL","392","1004","1183","NULL","702","1209","1401","NULL","NULL","6","10","10","NULL","7","12","12","NULL"
"112","airflow","NULL","295","402","721","NULL","293","402","721","NULL","NULL","3","5","7","NULL","3","6","7","NULL"
"113","ALL RIGHT","NULL","446","658","815","NULL","501","720","860","NULL","NULL","4","8","9","NULL","7","8","10","NULL"
"114","bit mania","NULL","458","643","934","NULL","536","643","NULL","NULL","NULL","4","5","8","NULL","5","6","NULL","NULL"
"115","CELEBRATE NITE","NULL","471","591","714","875","471","632","731","884","NULL","5","6","8","10","5","7","8","10"
"116","Colors -Y&Co. Eurobeat Remix-","NULL","585","1029","1100","NULL","663","1068","1100","NULL","NULL","5","9","10","NULL","6","10","10","NULL"
"117","DANCER","NULL","444","522","712","NULL","547","634","845","NULL","NULL","4","5","7","NULL","4","5","8","NULL"
"118","dissolve","NULL","491","658","784","NULL","574","761","NULL","NULL","NULL","5","7","8","NULL","5","9","NULL","NULL"
"119","dual control","NULL","403","763","961","NULL","403","756","854","NULL","NULL","5","7","9","NULL","4","8","9","NULL"
"120","FLUTE MAN","NULL","299","465","553","NULL","376","472","553","NULL","NULL","4","7","8","NULL","5","7","9","NULL"
"121","Giudecca","NULL","470","1016","1381","NULL","600","1129","1392","NULL","NULL","4","9","11","NULL","5","10","11","NULL"
"122","Hormiga obrera","NULL","613","764","913","NULL","736","959","1055","NULL","NULL","5","7","8","NULL","6","8","9","NULL"
"123","HYPER BOUNDARY GATE","NULL","646","976","1115","NULL","636","955","1115","NULL","NULL","6","8","9","NULL","6","8","10","NULL"
"124","jelly kiss","NULL","373","552","656","NULL","267","503","682","NULL","NULL","4","5","8","NULL","2","5","8","NULL"
"125","LAB","NULL","534","1029","1075","NULL","547","1014","1255","NULL","NULL","5","9","10","NULL","5","10","11","NULL"
"126","LOVE IS ORANGE","NULL","399","519","903","1059","456","570","1034","1243","NULL","4","6","8","10","4","5","9","11"
"127","Luv 2 Feel Your Body","NULL","437","542","839","NULL","552","703","945","NULL","NULL","4","6","9","NULL","6","9","10","NULL"
"128","memories","NULL","578","1056","1157","NULL","578","1122","1274","NULL","NULL","5","9","9","NULL","5","10","11","NULL"
"129","murmur twins","NULL","567","854","1207","NULL","589","924","1188","NULL","NULL","5","9","11","NULL","5","10","12","NULL"
"130","MUSIC TO YOUR HEAD","NULL","415","743","849","NULL","628","769","849","NULL","NULL","4","7","9","NULL","8","8","9","NULL"
"131","OUTER LIMITS","NULL","334","670","NULL","NULL","440","572","NULL","NULL","NULL","3","6","NULL","NULL","4","8","NULL","NULL"
"132","PLEASE DON’T GO","NULL","505","715","1251","NULL","527","798","1188","NULL","NULL","5","7","12","NULL","4","9","10","NULL"
"133","rainbow flyer","NULL","422","859","1081","NULL","424","931","1167","NULL","NULL","5","9","11","NULL","4","10","11","NULL"
"134","STAR DREAM","NULL","396","677","725","NULL","592","731","NULL","NULL","NULL","5","7","9","NULL","7","8","NULL","NULL"
"135","thunder","NULL","609","817","959","NULL","608","944","1126","NULL","NULL","6","8","9","NULL","5","9","11","NULL"
"136","WAR GAME","NULL","488","789","1077","NULL","496","820","1044","NULL","NULL","4","8","10","NULL","4","7","10","NULL"
"137","World Wide Love","NULL","353","526","559","NULL","454","560","NULL","NULL","NULL","3","5","5","NULL","4","5","NULL","NULL"
"138","xenon","NULL","570","867","1379","NULL","563","865","1379","NULL","NULL","5","9","11","NULL","5","8","11","NULL"
"139","蒼い衝動","NULL","468","694","803","NULL","524","685","795","NULL","NULL","5","7","8","NULL","5","6","9","NULL"
"140","合体せよ！ストロングイェーガー！！","NULL","811","879","NULL","NULL","822","879","NULL","NULL","NULL","6","7","NULL","NULL","8","10","NULL","NULL"
"141","桜","NULL","541","819","1123","NULL","605","819","1047","NULL","NULL","7","10","12","NULL","8","10","12","NULL"
"142","Abyss -The Heavens Remix-","288","766","938","1188","1637","803","1036","1102","1557","NULL","7","10","10","11","6","9","10","11"
"143","ACT","NULL","532","864","935","NULL","637","890","1005","NULL","NULL","6","9","9","NULL","6","9","10","NULL"
"144","ADVANCE","NULL","241","444","673","NULL","370","579","620","NULL","NULL","4","6","7","NULL","5","6","7","NULL"
"145","bag","NULL","468","621","963","NULL","636","912","1023","NULL","NULL","5","6","10","NULL","6","9","10","NULL"
"146","Be Rock U (1998 burst style)","NULL","442","691","936","NULL","442","691","NULL","NULL","NULL","4","7","9","NULL","4","7","NULL","NULL"
"147","BREEDING","NULL","439","732","778","NULL","584","714","732","NULL","NULL","4","6","7","NULL","5","6","6","NULL"
"148","BRIGHTNESS DARKNESS","NULL","363","750","889","NULL","381","825","984","NULL","NULL","4","8","9","NULL","3","8","10","NULL"
"149","Cradle","NULL","466","751","803","NULL","617","784","NULL","NULL","NULL","5","8","10","NULL","6","10","NULL","NULL"
"150","Distress","NULL","691","937","NULL","NULL","993","1254","NULL","NULL","NULL","7","10","NULL","NULL","9","11","NULL","NULL"
"151","e-motion 2003 -romantic extra-","NULL","671","824","1001","NULL","715","978","NULL","NULL","NULL","6","8","10","NULL","8","10","NULL","NULL"
"152","fun","NULL","311","586","950","NULL","295","574","950","NULL","NULL","4","7","10","NULL","4","7","10","NULL"
"153","HYPER EUROBEAT (2DX style)","NULL","557","843","990","NULL","604","832","NULL","NULL","NULL","5","8","10","NULL","6","8","NULL","NULL"
"154","Let The Snow Paint Me -Y&Co. Remix-","NULL","423","644","910","NULL","420","662","989","NULL","NULL","5","6","10","NULL","5","8","9","NULL"
"155","lights","NULL","357","753","910","NULL","635","927","995","NULL","NULL","3","6","8","NULL","7","9","10","NULL"
"156","LOVE♥SHINE","270","433","921","1046","NULL","427","673","960","NULL","3","5","9","10","NULL","4","7","9","NULL"
"157","lower world","NULL","706","979","1144","NULL","705","981","1254","NULL","NULL","6","9","10","NULL","7","10","12","NULL"
"158","Make A Difference","NULL","445","846","1155","NULL","441","866","1202","NULL","NULL","5","9","10","NULL","5","9","10","NULL"
"159","moon_child","NULL","533","1026","1300","NULL","510","1049","1661","NULL","NULL","5","10","12","NULL","4","11","12","NULL"
"160","one or eight","NULL","695","985","1177","NULL","632","790","1110","1426","NULL","7","10","12","NULL","7","8","10","12"
"161","PARANOIA survivor MAX","NULL","448","662","754","NULL","448","661","NULL","NULL","NULL","5","8","9","NULL","5","7","NULL","NULL"
"162","POWER DREAM","NULL","393","818","939","NULL","581","818","879","NULL","NULL","4","8","10","NULL","5","8","8","NULL"
"163","Prelude","NULL","442","707","1034","NULL","441","707","NULL","NULL","NULL","5","6","10","NULL","4","6","NULL","NULL"
"164","Quickening","NULL","478","875","1062","NULL","440","620","1044","NULL","NULL","5","9","10","NULL","5","7","10","NULL"
"165","RISLIM -Remix-","NULL","405","508","959","NULL","521","817","1151","NULL","NULL","4","6","11","NULL","6","9","12","NULL"
"166","rottel-the-Mercury","NULL","503","963","1137","NULL","634","924","1132","NULL","NULL","6","9","10","NULL","6","9","11","NULL"
"167","Silvia Drive","NULL","429","790","1049","NULL","687","946","1364","NULL","NULL","4","8","9","NULL","7","10","11","NULL"
"168","SNOW","NULL","534","704","1038","NULL","598","762","1037","NULL","NULL","5","7","10","NULL","5","8","10","NULL"
"169","Sweet Sweet♡Magic","NULL","509","784","1032","NULL","519","786","1055","NULL","NULL","5","8","10","NULL","5","9","11","NULL"
"170","SWEETEST SAVAGE","NULL","335","704","930","NULL","551","702","965","NULL","NULL","4","7","11","NULL","6","7","11","NULL"
"171","The Biggest Roaster","NULL","314","529","583","NULL","314","629","NULL","NULL","NULL","4","6","7","NULL","4","6","NULL","NULL"
"172","The end of my spiritually","NULL","470","600","656","NULL","555","642","809","NULL","NULL","4","6","7","NULL","5","6","8","NULL"
"173","昭和企業戦士荒山課長","NULL","399","752","818","NULL","399","767","NULL","NULL","NULL","3","6","7","NULL","4","6","NULL","NULL"
"174","ライオン好き","NULL","329","600","755","NULL","329","614","NULL","NULL","NULL","4","5","7","NULL","3","6","NULL","NULL"
"175","A-JAX (3-WAY MIX)","NULL","428","680","1066","NULL","428","680","1066","NULL","NULL","4","8","10","NULL","4","8","10","NULL"
"176","ASTRAL VOYAGE","NULL","510","727","971","NULL","523","731","1087","NULL","NULL","5","6","9","NULL","5","9","10","NULL"
"177","BABY LOVE","NULL","598","865","1089","NULL","596","779","1159","NULL","NULL","6","7","10","NULL","6","7","11","NULL"
"178","Back Into The Light","NULL","602","835","1086","NULL","621","828","1160","NULL","NULL","6","7","10","NULL","6","9","10","NULL"
"179","Boundary","NULL","440","930","1031","NULL","521","967","967","NULL","NULL","4","9","9","NULL","5","9","9","NULL"
"180","Debtty Daddy","NULL","533","1008","1371","NULL","533","1008","1607","NULL","NULL","5","9","11","NULL","5","8","11","NULL"
"181","desolation","NULL","245","331","386","NULL","245","386","NULL","NULL","NULL","2","4","5","NULL","3","4","NULL","NULL"
"182","DoLL","175","478","626","810","NULL","478","645","923","NULL","NULL","5","6","7","NULL","6","7","9","NULL"
"183","EXE","NULL","448","829","1131","NULL","450","854","NULL","NULL","NULL","4","8","10","NULL","4","8","NULL","NULL"
"184","FEEL IT","NULL","474","888","1013","NULL","573","1002","1119","NULL","NULL","5","9","10","NULL","5","9","10","NULL"
"185","GHOST REVIVAL","NULL","466","1049","1311","NULL","466","1049","1409","NULL","NULL","5","9","10","NULL","4","9","12","NULL"
"186","GRADIUS -FULL SPEED-","NULL","385","643","1074","NULL","385","643","1074","NULL","NULL","4","8","10","NULL","3","7","11","NULL"
"187","HIGH","NULL","470","975","1088","NULL","692","945","1233","NULL","NULL","5","9","9","NULL","6","9","10","NULL"
"188","LIMITED","NULL","333","677","753","NULL","401","717","880","NULL","NULL","3","9","9","NULL","3","7","8","NULL"
"189","Love Is Eternity","NULL","622","1016","1215","NULL","604","1038","1417","NULL","NULL","6","9","11","NULL","6","10","12","NULL"
"190","LOW","NULL","346","767","881","NULL","614","767","957","NULL","NULL","4","8","9","NULL","5","8","10","NULL"
"191","Lucy","NULL","485","903","1167","NULL","484","908","NULL","NULL","NULL","4","9","11","NULL","4","10","NULL","NULL"
"192","Narcissus At Oasis","NULL","392","807","838","NULL","384","771","830","NULL","NULL","4","10","10","NULL","4","10","11","NULL"
"193","No.13","NULL","855","1376","1607","NULL","778","1185","1639","NULL","NULL","8","10","11","NULL","6","10","12","NULL"
"194","One More Lovely","NULL","439","832","1452","NULL","444","862","1557","NULL","NULL","5","9","12","NULL","4","10","12","NULL"
"195","pandora","NULL","455","852","931","NULL","509","805","1040","NULL","NULL","5","8","9","NULL","7","9","11","NULL"
"196","rainbow rainbow","NULL","799","1156","1377","NULL","815","1087","1400","NULL","NULL","7","10","11","NULL","7","9","11","NULL"
"197","Ready To Rockit Blues","NULL","298","533","719","NULL","548","665","808","NULL","NULL","3","6","9","NULL","5","6","9","NULL"
"198","Rise’n Beauty","NULL","652","841","1094","NULL","683","882","1159","NULL","NULL","6","9","10","NULL","6","10","11","NULL"
"199","SHOOTING STAR","NULL","651","855","1146","NULL","624","858","1178","NULL","NULL","7","8","9","NULL","6","9","11","NULL"
"200","SPACE FIGHT","NULL","328","768","1134","NULL","519","765","1190","NULL","NULL","3","8","11","NULL","6","8","11","NULL"
"201","1st Samurai","NULL","546","1016","1383","NULL","729","1016","1455","NULL","NULL","5","10","11","NULL","7","10","12","NULL"
"202","システムロマンス","NULL","458","901","1023","NULL","457","886","NULL","NULL","NULL","4","7","8","NULL","4","7","NULL","NULL"
"203","雪月花","NULL","636","979","1287","NULL","867","1153","1411","NULL","NULL","6","10","12","NULL","8","10","12","NULL"
"204","AA","NULL","642","1386","1834","NULL","659","997","1739","NULL","NULL","5","10","12","NULL","5","9","12","NULL"
"205","AGEHA","305","537","888","948","1232","464","689","903","1460","NULL","5","8","9","11","5","7","8","11"
"206","ANDROMEDA","NULL","517","973","1446","NULL","512","1109","1568","NULL","NULL","5","8","11","NULL","4","9","11","NULL"
"207","awakening","NULL","553","750","866","NULL","546","746","873","NULL","NULL","5","7","10","NULL","5","7","9","NULL"
"208","Be quiet","NULL","559","894","1114","1463","558","861","1055","1614","NULL","5","9","11","12","6","8","11","12"
"209","BLOCKS","NULL","417","675","1000","NULL","417","746","1001","NULL","NULL","5","7","11","NULL","4","7","12","NULL"
"210","BREATH","NULL","469","663","875","NULL","455","700","930","NULL","NULL","6","7","10","NULL","5","8","10","NULL"
"211","Close my Eyes for Me","NULL","529","755","948","NULL","521","751","1058","NULL","NULL","5","8","9","NULL","5","8","11","NULL"
"212","D.A.N.C.E.!","NULL","299","431","826","NULL","298","425","653","NULL","NULL","3","5","10","NULL","3","5","8","NULL"
"213","Don’t be afraid myself","NULL","566","960","1155","NULL","621","935","1094","NULL","NULL","5","9","10","NULL","6","9","10","NULL"
"214","earth scape","NULL","230","530","644","NULL","230","507","NULL","NULL","NULL","2","5","7","NULL","2","6","NULL","NULL"
"215","GENOCIDE","NULL","587","1103","1222","NULL","588","1211","1456","NULL","NULL","6","10","11","NULL","6","12","12","NULL"
"216","gigadelic","355","771","1116","1301","NULL","754","1110","1344","NULL","NULL","9","12","12","NULL","10","12","12","NULL"
"217","HORIZON","NULL","546","786","990","NULL","547","818","1027","NULL","NULL","5","7","8","NULL","5","7","9","NULL"
"218","INJECTION OF LOVE","NULL","343","532","769","NULL","359","553","NULL","NULL","NULL","4","6","9","NULL","3","7","NULL","NULL"
"219","KEY","NULL","573","950","1436","NULL","573","989","1400","NULL","NULL","6","8","11","NULL","5","8","11","NULL"
"220","NEBULA GRASPER","NULL","691","1029","1241","NULL","724","1029","1155","NULL","NULL","6","9","10","NULL","7","9","11","NULL"
"221","Raspberry♡Heart(English version)","NULL","531","797","932","NULL","524","772","901","NULL","NULL","5","8","9","NULL","6","8","10","NULL"
"222","RED ZONE","89","567","975","1184","1566","611","941","1232","1502","NULL","5","9","11","12","5","9","11","12"
"223","RESONATE 1794","NULL","469","745","951","NULL","469","744","NULL","NULL","NULL","5","10","11","NULL","4","11","NULL","NULL"
"224","Sphere","NULL","541","996","1111","NULL","522","897","1139","NULL","NULL","5","9","10","NULL","5","8","12","NULL"
"225","spiral galaxy","NULL","545","1061","1310","1910","564","1038","1139","2070","NULL","5","9","11","12","5","9","10","12"
"226","TEXTURE","NULL","292","494","594","NULL","294","430","593","NULL","NULL","3","5","6","NULL","3","4","7","NULL"
"227","The Hope of Tomorrow","NULL","536","874","992","NULL","535","855","989","NULL","NULL","5","8","10","NULL","6","9","10","NULL"
"228","ＵＬＴｉＭΛＴＥ","NULL","480","744","1006","NULL","451","736","NULL","NULL","NULL","5","7","9","NULL","4","7","NULL","NULL"
"229","太陽～T・A・I・Y・O～","NULL","419","725","880","NULL","419","725","NULL","NULL","NULL","4","8","9","NULL","4","8","NULL","NULL"
"230","ピアノ協奏曲第１番”蠍火”","NULL","422","1111","1414","NULL","473","1031","1730","NULL","NULL","5","11","12","NULL","5","10","12","NULL"
"231","Agnus Dei","NULL","466","850","1051","NULL","465","791","1051","NULL","NULL","5","9","10","NULL","5","8","11","NULL"
"232","alla turca con passione","NULL","409","829","1103","NULL","396","831","1057","NULL","NULL","5","8","10","NULL","4","8","10","NULL"
"233","Aurora","NULL","714","1100","1280","NULL","675","1043","1218","NULL","NULL","7","10","11","NULL","7","10","11","NULL"
"234","CaptivAte～浄化～","NULL","541","946","1243","NULL","540","936","1235","NULL","NULL","5","9","11","NULL","5","9","11","NULL"
"235","Catch Me","NULL","405","678","925","NULL","403","685","922","NULL","NULL","5","8","10","NULL","4","9","10","NULL"
"236","double thrash","NULL","527","1066","1206","NULL","527","1048","NULL","NULL","NULL","6","10","10","NULL","5","10","NULL","NULL"
"237","EDEN","NULL","660","969","1363","1637","640","733","1377","1647","NULL","6","9","10","11","7","8","10","11"
"238","EMPTY OF THE SKY","NULL","334","526","843","NULL","334","526","842","NULL","NULL","3","5","8","NULL","3","5","8","NULL"
"239","garden","NULL","440","773","1100","NULL","461","774","1396","NULL","NULL","4","7","10","NULL","4","7","12","NULL"
"240","Get’em up to R.A.V.E","NULL","599","892","1158","NULL","595","890","NULL","NULL","NULL","5","8","10","NULL","5","8","NULL","NULL"
"241","GREEN EYES","NULL","507","827","1123","NULL","494","828","1123","NULL","NULL","6","8","10","NULL","6","9","11","NULL"
"242","HAPPY☆ANGEL","332","555","782","1052","NULL","555","776","1073","NULL","NULL","5","7","10","NULL","6","7","10","NULL"
"243","I am","NULL","555","883","1096","NULL","611","883","NULL","NULL","NULL","5","8","10","NULL","5","8","NULL","NULL"
"244","in motion","NULL","432","545","661","NULL","432","545","661","NULL","NULL","5","6","7","NULL","5","6","8","NULL"
"245","INAZUMA","NULL","561","930","1368","2042","584","917","1554","1902","NULL","5","9","11","NULL","6","9","12","NULL"
"246","LESSON 5","NULL","654","949","1261","NULL","542","939","1471","NULL","NULL","5","8","9","NULL","5","7","11","NULL"
"247","Little Little Princess","NULL","558","1118","1420","1946","560","1171","1610","2035","NULL","5","10","11","12","5","10","11","12"
"248","MOON RACE","NULL","434","598","957","NULL","433","598","NULL","NULL","NULL","5","7","9","NULL","5","10","NULL","NULL"
"249","PATRIOTISM","NULL","390","679","929","NULL","386","679","NULL","NULL","NULL","4","7","9","NULL","3","7","NULL","NULL"
"250","PLASMA","NULL","479","848","1145","NULL","479","848","NULL","NULL","NULL","4","8","9","NULL","5","8","NULL","NULL"
"251","rage against usual","NULL","697","1060","1527","NULL","697","1081","1215","NULL","NULL","7","10","12","NULL","6","10","11","NULL"
"252","SCREAM SQUAD","NULL","609","869","1073","NULL","579","863","1072","NULL","NULL","7","10","12","NULL","6","10","12","NULL"
"253","Scripted Connection⇒ A mix","NULL","865","1155","1575","1749","1079","1269","1382","1816","NULL","7","10","12","12","8","10","11","12"
"254","Scripted Connection⇒ H mix","NULL","875","1059","1275","1466","879","1005","1366","1526","NULL","7","10","11","NULL","8","10","11","NULL"
"255","Scripted Connection⇒ N mix","NULL","674","858","1073","1247","661","909","1179","1349","NULL","6","8","10","NULL","6","9","10","NULL"
"256","SigSig","338","548","864","1309","NULL","552","884","1259","NULL","NULL","5","7","10","NULL","5","7","11","NULL"
"257","tant pis pour toi","NULL","385","676","862","NULL","385","676","NULL","NULL","NULL","5","8","10","NULL","4","9","NULL","NULL"
"258","Tizona d’El Cid","NULL","495","1000","1178","NULL","491","1000","NULL","NULL","NULL","5","9","10","NULL","5","10","NULL","NULL"
"259","Twelfth Style","NULL","630","778","1033","1684","707","976","1070","1748","NULL","6","7","10","12","6","9","9","12"
"260","Under the Sky","NULL","458","710","875","NULL","390","670","830","NULL","NULL","5","7","9","NULL","4","7","9","NULL"
"261","Votum stellarum","NULL","413","857","1017","NULL","413","965","NULL","NULL","NULL","4","9","10","NULL","4","11","NULL","NULL"
"262","Xepher","205","571","1135","1520","NULL","559","1089","1498","NULL","NULL","5","10","11","NULL","5","10","11","NULL"
"263","100% minimoo-G","NULL","474","871","903","NULL","474","871","1414","NULL","NULL","5","10","11","NULL","4","10","11","NULL"
"264","合体せよ！ストロングイェーガー！！ (Ryu☆ remix)","NULL","564","807","972","NULL","556","784","935","NULL","NULL","5","8","11","NULL","5","9","11","NULL"
"265","キャッシュレスは愛情消すティッシュ","NULL","409","689","1079","NULL","409","689","1075","NULL","NULL","4","8","10","NULL","4","8","10","NULL"
"266","月光","NULL","455","900","1246","NULL","440","922","1175","NULL","NULL","5","8","10","NULL","4","9","10","NULL"
"267","ヒマワリ","NULL","285","947","1042","NULL","396","856","943","NULL","NULL","3","9","10","NULL","4","8","9","NULL"
"268","冥","302","555","1111","2000","NULL","555","1104","2000","NULL","NULL","5","10","12","NULL","5","11","12","NULL"
"269","ラクエン","NULL","369","498","1034","NULL","368","723","1033","NULL","NULL","4","6","11","NULL","4","9","11","NULL"
"270","ALFARSHEAR 双神威に廻る夢","222","548","838","1049","NULL","548","838","1043","NULL","NULL","5","7","10","NULL","6","9","10","NULL"
"271","Apocalypse ～dirge of swans～","121","510","921","1214","NULL","480","981","1270","NULL","NULL","5","9","10","NULL","5","8","11","NULL"
"272","ay carumba!!!!","NULL","520","805","975","NULL","520","820","NULL","NULL","NULL","6","9","10","NULL","6","9","NULL","NULL"
"273","BALLAD THE FEATHERS","NULL","367","554","764","NULL","357","560","NULL","NULL","NULL","4","6","8","NULL","5","8","NULL","NULL"
"274","Bloody Tears(IIDX EDITION)","NULL","574","1012","1094","NULL","574","1009","1280","NULL","NULL","5","9","10","NULL","5","10","11","NULL"
"275","bluemoon","NULL","292","867","1174","NULL","473","961","1207","NULL","NULL","4","7","10","NULL","5","10","11","NULL"
"276","Concertino in Blue","198","460","915","1311","NULL","486","972","1425","NULL","NULL","5","10","12","NULL","5","10","12","NULL"
"277","CONTRACT","NULL","648","863","1056","1418","607","856","1050","1545","NULL","9","10","11","12","7","10","12","12"
"278","D.C.fish","NULL","513","998","1178","NULL","505","888","1228","NULL","NULL","5","9","11","NULL","5","8","11","NULL"
"279","DEEP ROAR","NULL","503","726","976","NULL","503","721","969","NULL","NULL","4","7","9","NULL","5","7","9","NULL"
"280","Double♡♡Loving Heart","NULL","292","671","909","NULL","393","730","1127","NULL","NULL","3","6","9","NULL","4","7","10","NULL"
"281","EURO-ROMANCE","NULL","497","933","1056","NULL","494","893","1363","NULL","NULL","5","8","10","NULL","5","8","11","NULL"
"282","Ganymede","NULL","571","884","1199","1356","612","951","1363","1391","NULL","6","10","11","12","8","11","12","12"
"283","Harmony and Lovely","NULL","457","902","1127","NULL","457","896","1122","NULL","NULL","4","8","11","NULL","5","9","11","NULL"
"284","Heavenly Sun (IIDX VERSION)","NULL","421","806","1060","1550","421","805","1060","1504","NULL","4","7","10","11","4","8","10","11"
"285","iFUTURELIST","NULL","354","585","854","NULL","352","573","NULL","NULL","NULL","4","6","8","NULL","4","6","NULL","NULL"
"286","INFERNO","NULL","601","828","1008","NULL","600","856","1175","NULL","NULL","5","7","9","NULL","5","7","10","NULL"
"287","Leaving...","NULL","396","714","1116","NULL","386","714","1024","NULL","NULL","4","8","10","NULL","4","7","10","NULL"
"288","Melody Life","NULL","397","673","933","NULL","399","643","NULL","NULL","NULL","4","6","9","NULL","4","6","NULL","NULL"
"289","MINT","NULL","524","917","1158","NULL","517","906","1163","NULL","NULL","6","10","11","NULL","5","10","12","NULL"
"290","MOON","NULL","436","1067","1118","NULL","436","1048","NULL","NULL","NULL","5","9","10","NULL","5","10","NULL","NULL"
"291","Parasite World","NULL","686","966","1194","NULL","703","985","1195","NULL","NULL","6","9","10","NULL","7","10","11","NULL"
"292","Power of Love","NULL","513","848","1077","NULL","512","861","1065","NULL","NULL","5","7","10","NULL","4","8","10","NULL"
"293","So Fabulous !!","NULL","556","784","1191","NULL","548","853","1214","NULL","NULL","5","8","10","NULL","5","9","11","NULL"
"294","Sun Field","NULL","287","777","1234","NULL","449","856","1158","NULL","NULL","3","8","11","NULL","5","9","11","NULL"
"295","The Dirty of Loudness","NULL","740","1154","1327","NULL","723","1122","1189","NULL","NULL","7","10","11","NULL","7","10","10","NULL"
"296","This is Love","NULL","473","910","1249","NULL","489","906","NULL","NULL","NULL","4","8","10","NULL","5","8","NULL","NULL"
"297","tripping contact","NULL","686","989","1360","NULL","725","1081","NULL","NULL","NULL","6","9","12","NULL","7","10","NULL","NULL"
"298","tripping contact(teranoid&MC Natsack Remix)","NULL","646","1020","1258","NULL","653","968","1367","NULL","NULL","6","10","11","NULL","7","10","12","NULL"
"299","TYPE MARS(G-Style Mix)","NULL","571","974","1237","NULL","576","990","NULL","NULL","NULL","5","9","11","NULL","6","10","NULL","NULL"
"300","Ubiquitous Fantastic Ride","NULL","325","628","835","NULL","337","615","792","NULL","NULL","4","7","8","NULL","3","8","9","NULL"
"301","waxing and wanding","NULL","658","997","1457","2000","647","966","1399","2000","NULL","7","10","11","12","7","10","11","12"
"302","Why did you go away","322","559","904","1166","NULL","552","901","1165","NULL","NULL","5","8","10","NULL","5","9","11","NULL"
"303","Winning Eleven9 Theme(IIDX EDITION)","NULL","420","730","868","NULL","420","730","NULL","NULL","NULL","4","7","9","NULL","4","7","NULL","NULL"
"304","wish","NULL","401","600","758","NULL","400","601","784","NULL","NULL","4","6","7","NULL","4","6","8","NULL"
"305","WISH(EUROBEAT MIX)","NULL","532","824","990","NULL","532","793","988","NULL","NULL","5","8","9","NULL","5","8","9","NULL"
"306","with you…","NULL","398","580","891","NULL","398","580","1324","NULL","NULL","4","6","9","NULL","4","7","11","NULL"
"307","Zenius -I- vanisher","NULL","493","790","1209","NULL","492","776","1207","NULL","NULL","5","7","10","NULL","5","8","11","NULL"
"308","カゴノトリ～弐式～","NULL","581","944","1325","NULL","581","978","1586","NULL","NULL","6","9","12","NULL","6","9","12","NULL"
"309","華蝶風雪","NULL","638","1064","1500","2014","626","1041","1481","2135","NULL","6","10","11","12","7","10","12","12"
"310","タシカナモノ","NULL","472","726","1026","NULL","470","797","1191","NULL","NULL","5","7","9","NULL","5","7","10","NULL"
"311","嘆きの樹","NULL","902","1281","2000","NULL","875","1281","2000","NULL","NULL","8","11","12","NULL","7","11","12","NULL"
"312","虹色","NULL","488","792","934","NULL","488","793","934","NULL","NULL","5","8","9","NULL","5","7","8","NULL"
"313","Air Bell","NULL","499","687","868","NULL","455","642","794","NULL","NULL","5","6","8","NULL","5","7","8","NULL"
"314","ANDROMEDA II","NULL","501","982","1255","NULL","534","1084","NULL","NULL","NULL","5","9","10","NULL","5","10","NULL","NULL"
"315","Blind Justice ～Torn souls, Hurt Faiths ～","NULL","679","1001","1245","NULL","618","950","1134","NULL","NULL","6","8","11","NULL","7","8","10","NULL"
"316","Candy Galy","NULL","800","1308","1798","NULL","642","863","1348","NULL","NULL","7","10","12","NULL","6","8","12","NULL"
"317","CaptivAte～誓い～","NULL","677","1017","1127","NULL","710","1078","1319","NULL","NULL","6","9","10","NULL","6","9","11","NULL"
"318","CaptivAte～裁き～","214","435","663","897","NULL","422","822","1110","NULL","NULL","6","8","9","NULL","5","9","11","NULL"
"319","CROSSROAD ～Left Story～","NULL","574","883","1097","NULL","575","857","1047","NULL","NULL","5","8","10","NULL","6","8","10","NULL"
"320","Cyber Force","NULL","637","980","1200","NULL","610","929","1081","NULL","NULL","5","9","10","NULL","6","8","8","NULL"
"321","Dreaming Sweetness","NULL","611","805","1073","NULL","609","795","1058","NULL","NULL","6","8","10","NULL","6","8","10","NULL"
"322","earth-like planet","NULL","394","675","1048","NULL","393","660","1018","NULL","NULL","4","7","10","NULL","4","6","9","NULL"
"323","Fascination MAXX","NULL","508","876","1313","NULL","475","825","1167","NULL","NULL","9","11","12","NULL","9","10","12","NULL"
"324","FIRE FIRE","287","616","927","1405","NULL","616","962","1162","NULL","NULL","7","10","12","NULL","7","9","11","NULL"
"325","four-leaf","NULL","386","642","867","NULL","386","642","NULL","NULL","NULL","4","6","8","NULL","4","8","NULL","NULL"
"326","GOLD RUSH","282","608","764","1199","NULL","601","851","1186","NULL","NULL","7","9","11","NULL","6","8","10","NULL"
"327","GRID KNIGHT","NULL","423","1012","1328","1744","813","1056","1396","1855","NULL","6","8","10","12","7","8","10","12"
"328","HALF MOON","NULL","387","742","953","NULL","387","742","NULL","NULL","NULL","4","8","10","NULL","4","7","NULL","NULL"
"329","heaven above","NULL","418","711","928","NULL","419","706","921","NULL","NULL","5","7","9","NULL","5","7","9","NULL"
"330","High School Love","204","438","788","1106","NULL","439","771","1123","NULL","NULL","4","6","9","NULL","5","7","9","NULL"
"331","INORI","NULL","701","1330","1614","NULL","699","1241","1730","NULL","NULL","6","10","11","NULL","6","9","12","NULL"
"332","KAMAITACHI","NULL","647","1039","1368","2000","1005","1335","1662","2000","NULL","6","9","11","12","8","10","12","12"
"333","LASER CRUSTER","NULL","732","1250","1644","NULL","696","1254","1721","NULL","NULL","7","11","12","NULL","7","11","12","NULL"
"334","Love Again...","NULL","293","400","538","NULL","396","533","NULL","NULL","NULL","3","4","5","NULL","4","5","NULL","NULL"
"335","METALLIC MIND","NULL","451","735","832","NULL","451","736","NULL","NULL","NULL","4","8","9","NULL","5","7","NULL","NULL"
"336","My Only Shining Star","NULL","590","716","957","NULL","574","721","920","NULL","NULL","5","7","9","NULL","6","7","9","NULL"
"337","never...","NULL","414","691","915","NULL","413","690","NULL","NULL","NULL","4","7","8","NULL","4","6","NULL","NULL"
"338","Play back hate you","NULL","408","876","1115","NULL","406","881","1117","NULL","NULL","4","8","9","NULL","6","8","10","NULL"
"339","Second Heaven","112","500","787","1069","NULL","500","704","1069","NULL","NULL","5","8","11","NULL","6","8","11","NULL"
"340","smile","NULL","744","1107","1464","NULL","766","1145","1628","NULL","NULL","7","9","11","NULL","7","9","12","NULL"
"341","snow storm","118","403","1173","1409","1709","407","1173","1750","NULL","NULL","4","9","10","12","4","10","12","NULL"
"342","STARS☆☆☆(Re-tuned by HΛL) - IIDX EDITION -","NULL","554","874","1081","NULL","554","875","NULL","NULL","NULL","5","8","9","NULL","5","7","NULL","NULL"
"343","the shadow","NULL","618","1084","1480","NULL","616","1095","1394","NULL","NULL","6","9","11","NULL","5","9","11","NULL"
"344","The Smile of You","NULL","472","658","815","NULL","523","697","904","NULL","NULL","4","7","8","NULL","4","6","7","NULL"
"345","TRANOID","NULL","414","929","1141","1546","449","947","1141","1563","NULL","5","10","11","12","6","10","12","12"
"346","VANESSA","NULL","591","938","1228","1771","588","938","1297","1633","NULL","8","11","12","12","7","11","12","12"
"347","Yabis Starlight","NULL","476","727","1139","NULL","497","731","NULL","NULL","NULL","5","8","10","NULL","5","8","NULL","NULL"
"348","カミロ・ウナ・メンデス","NULL","323","629","981","NULL","325","629","NULL","NULL","NULL","3","7","10","NULL","4","7","NULL","NULL"
"349","鬼言集","NULL","599","792","1037","NULL","584","748","996","NULL","NULL","6","8","10","NULL","6","7","10","NULL"
"350","クルクル☆ラブ～Opioid Peptide MIX～","216","500","766","1144","NULL","538","816","1182","NULL","NULL","5","8","10","NULL","5","8","10","NULL"
"351","シティ・エンジェル","NULL","519","676","1006","NULL","533","1002","1017","NULL","NULL","5","7","10","NULL","5","7","10","NULL"
"352","零 - ZERO -","110","596","912","1162","1380","601","909","1154","1421","NULL","6","8","9","10","6","8","10","11"
"353","電人、暁に斃れる。","335","785","1255","1725","NULL","775","1207","1732","NULL","NULL","7","10","12","NULL","7","10","12","NULL"
"354","花吹雪 ～ IIDX LIMITED ～","NULL","367","573","719","NULL","493","615","838","NULL","NULL","4","6","8","NULL","5","7","8","NULL"
"355","星をこの手に","NULL","614","933","1099","NULL","609","962","1267","NULL","NULL","7","9","10","NULL","6","9","10","NULL"
"356","ヨシダさん","NULL","470","728","987","NULL","523","739","1003","NULL","NULL","5","7","9","NULL","5","6","8","NULL"
"357","リグレット","NULL","666","887","1223","NULL","661","888","NULL","NULL","NULL","6","8","10","NULL","6","8","NULL","NULL"
"358","Anisakis -somatic mutation type”Forza”-","NULL","631","1089","1443","1971","637","1291","1603","1956","NULL","6","10","11","12","6","10","12","12"
"359","beatonic nation","NULL","640","955","1093","NULL","664","999","1259","NULL","NULL","5","8","9","NULL","5","7","10","NULL"
"360","Blue Rain","174","514","812","1149","1702","587","803","1037","1662","NULL","6","8","11","12","6","7","10","12"
"361","Darling my LUV","NULL","354","512","695","NULL","345","576","NULL","NULL","NULL","4","6","8","NULL","5","7","NULL","NULL"
"362","Dazzlin’ Darlin","172","455","704","1115","NULL","433","696","1052","NULL","NULL","4","7","10","NULL","5","7","11","NULL"
"363","Digitank System","NULL","480","815","1096","NULL","482","813","1175","NULL","NULL","6","9","11","NULL","5","8","10","NULL"
"364","Do it!! Do it!!","NULL","538","816","987","1317","435","736","982","1312","NULL","8","10","11","12","5","10","12","12"
"365","end of world","NULL","523","924","1268","NULL","523","924","1357","NULL","NULL","6","9","10","NULL","5","10","11","NULL"
"366","evergreen","NULL","507","720","997","NULL","519","740","1037","NULL","NULL","5","7","10","NULL","5","8","11","NULL"
"367","four pieces of heaven","NULL","481","988","1225","1518","481","965","1264","1560","NULL","5","10","11","12","6","10","12","12"
"368","Freeway Shuffle","173","411","650","949","NULL","416","669","916","NULL","NULL","4","7","10","NULL","5","8","9","NULL"
"369","ICARUS","NULL","694","1097","1301","2000","687","1038","1336","2000","NULL","7","10","12","12","7","10","12","12"
"370","in the Sky","NULL","697","1079","1279","NULL","681","1040","1241","NULL","NULL","7","9","11","NULL","7","10","11","NULL"
"371","JOURNEY TO ”FANTASICA” (IIDX LIMITED )","NULL","437","648","952","NULL","469","710","1081","NULL","NULL","4","8","9","NULL","5","9","10","NULL"
"372","LOVELY STORM","NULL","679","1105","1429","NULL","733","1249","1418","NULL","NULL","6","9","10","NULL","7","10","11","NULL"
"373","madrugada","NULL","363","631","906","NULL","319","623","938","NULL","NULL","4","7","9","NULL","3","7","10","NULL"
"374","MAX LOVE","NULL","730","1100","1348","NULL","752","1130","1572","NULL","NULL","5","8","10","NULL","7","9","10","NULL"
"375","MENDES","NULL","573","1353","1831","NULL","569","1231","1922","NULL","NULL","6","11","12","NULL","6","10","12","NULL"
"376","MENTAL MELTDOWN","NULL","609","1176","1443","NULL","607","1024","1335","NULL","NULL","6","10","11","NULL","6","9","11","NULL"
"377","NEW GENERATION -もう、お前しか見えない-","NULL","541","1011","1342","1895","556","969","1278","1834","NULL","5","9","10","12","6","9","11","12"
"378","Now and Forever","NULL","480","861","1169","NULL","404","862","1306","NULL","NULL","5","8","10","NULL","5","9","11","NULL"
"379","oratio","NULL","747","1056","1493","NULL","706","1061","1406","NULL","NULL","7","10","12","NULL","7","9","12","NULL"
"380","PARANOiA ～HADES～","NULL","558","954","1395","NULL","600","989","1532","NULL","NULL","7","11","12","NULL","8","11","12","NULL"
"381","PROMISE FOR LIFE","NULL","305","753","875","NULL","286","570","746","NULL","NULL","3","7","8","NULL","4","6","8","NULL"
"382","REMINISCENCE","NULL","643","939","1183","NULL","643","946","1183","NULL","NULL","6","9","10","NULL","6","9","11","NULL"
"383","Rising in the Sun(original mix)","NULL","477","864","1202","NULL","477","839","1187","NULL","NULL","5","9","11","NULL","5","9","11","NULL"
"384","Ristaccia","NULL","609","1032","1386","NULL","400","936","1174","1265","NULL","6","9","12","NULL","5","8","10","11"
"385","ROCK ME NOW","NULL","524","843","1266","NULL","519","858","NULL","NULL","NULL","6","9","10","NULL","5","9","NULL","NULL"
"386","satellite020712 from ”CODED ARMS”","NULL","680","983","1293","NULL","831","1199","1656","NULL","NULL","6","9","11","NULL","8","10","12","NULL"
"387","satfinal","NULL","548","722","963","NULL","545","805","1016","NULL","NULL","5","7","9","NULL","6","8","10","NULL"
"388","scar in the earth","NULL","335","565","766","NULL","383","592","831","NULL","NULL","4","5","8","NULL","4","7","9","NULL"
"389","Shades of Grey","NULL","375","577","827","NULL","480","731","998","NULL","NULL","5","6","8","NULL","6","9","10","NULL"
"390","SHIFT","NULL","506","725","1000","NULL","541","758","1044","NULL","NULL","5","8","10","NULL","5","8","10","NULL"
"391","soldier’s waltz","NULL","428","735","1200","NULL","428","767","NULL","NULL","NULL","5","9","10","NULL","4","9","NULL","NULL"
"392","SOUND OF GIALLARHORN","257","708","1405","1668","NULL","704","1227","1599","NULL","NULL","6","10","11","NULL","6","9","10","NULL"
"393","State Of The Art","NULL","552","790","1570","NULL","541","806","1756","NULL","NULL","5","8","11","NULL","6","8","12","NULL"
"394","STEEL NEEDLE","NULL","560","1121","1269","1701","575","1103","1367","1676","NULL","6","10","11","12","6","10","11","12"
"395","THE DEEP STRIKER","274","556","1150","1528","1778","622","1133","1451","1728","NULL","6","10","11","12","5","10","11","12"
"396","the trigger of innocence","NULL","451","592","924","1558","597","1019","1527","2032","NULL","5","7","9","11","6","9","10","12"
"397","Time to Air","NULL","640","1064","1458","1888","634","985","1325","1864","NULL","6","10","11","12","7","9","11","12"
"398","TRIP MACHINE PhoeniX","NULL","353","842","935","NULL","333","762","929","NULL","NULL","6","9","10","NULL","6","9","11","NULL"
"399","TROOPERS","NULL","625","1216","1496","NULL","625","1197","1616","NULL","NULL","6","10","12","NULL","6","10","12","NULL"
"400","Übertreffen","NULL","555","1019","1280","1655","536","953","1171","1583","NULL","6","10","11","12","7","10","11","12"
"401","Wanna Party?","NULL","386","599","762","1300","329","616","910","1326","NULL","4","7","8","11","3","6","9","12"
"402","高高度降下低高度開傘","NULL","466","777","1005","NULL","475","842","1204","NULL","NULL","4","7","9","NULL","5","9","10","NULL"
"403","少年A","NULL","642","1144","1449","NULL","681","1150","1356","NULL","NULL","6","10","12","NULL","6","10","12","NULL"
"404","走馬灯 -The Last Song-","NULL","258","464","673","NULL","258","465","NULL","NULL","NULL","3","4","7","NULL","3","5","NULL","NULL"
"405","華爛漫 -Flowers-","169","510","804","1029","1597","592","801","1011","1719","NULL","6","8","10","12","7","9","10","12"
"406","マチ子の唄","NULL","418","662","901","1331","428","636","879","1476","NULL","4","6","8","11","4","7","9","11"
"407","ミラージュ・レジデンス","NULL","575","1097","1345","NULL","575","1073","1537","NULL","NULL","5","9","10","NULL","6","10","12","NULL"
"408","ALL I NEED YOUR LOVE","NULL","559","873","1081","NULL","559","873","1081","NULL","NULL","5","7","9","NULL","6","7","9","NULL"
"409","ALL MY TURN -このターンに、オレの全てを賭ける-","NULL","533","971","1314","NULL","606","944","1224","NULL","NULL","6","9","11","NULL","6","9","11","NULL"
"410","Arabian Rave Night","NULL","655","1166","1504","1888","655","1161","1605","1991","NULL","6","10","11","12","6","10","11","12"
"411","B4U(BEMANI FOR YOU MIX)","NULL","615","1205","1810","2360","764","1189","1519","1986","NULL","6","9","11","12","7","9","11","12"
"412","Bahram Attack-猫叉Master Remix-","NULL","535","997","1314","1640","618","1051","1443","1709","NULL","4","9","10","11","5","9","11","11"
"413","BITTER CHOCOLATE STRIKER","NULL","564","1142","1990","NULL","564","1141","1574","NULL","NULL","5","10","12","NULL","5","10","11","NULL"
"414","BRIDAL FESTIVAL !!!","NULL","502","764","1077","NULL","590","820","970","NULL","NULL","4","7","9","NULL","5","8","9","NULL"
"415","CaptivAte2～覚醒～","123","564","894","1221","1543","493","805","1235","1392","NULL","6","9","11","12","5","9","11","12"
"416","Colorful Cookie","338","570","1143","1773","NULL","716","1220","1811","NULL","NULL","5","10","12","NULL","7","10","12","NULL"
"417","Cyber Force -DJ Yoshitaka Remix-","NULL","553","944","1278","NULL","694","1079","1292","NULL","NULL","5","9","10","NULL","6","9","10","NULL"
"418","Flash Back 90’s","NULL","467","964","1179","1470","526","815","1001","1318","NULL","4","8","10","11","5","8","9","10"
"419","Fly Above","NULL","482","815","1016","NULL","412","894","1061","NULL","NULL","5","6","8","NULL","5","8","9","NULL"
"420","Go Beyond!!","276","547","899","1166","NULL","528","822","1087","NULL","NULL","6","10","12","NULL","6","10","12","NULL"
"421","HYPERION","NULL","572","1072","1385","NULL","572","1047","1391","NULL","NULL","6","9","11","NULL","6","9","11","NULL"
"422","I’m Screaming LOVE","NULL","308","666","851","NULL","456","605","913","NULL","NULL","4","6","7","NULL","5","7","9","NULL"
"423","Just a Little Smile","NULL","415","683","1272","NULL","496","878","1276","NULL","NULL","4","8","11","NULL","5","8","11","NULL"
"424","Kung-fu Empire","NULL","760","1327","1657","1999","607","1301","1659","1999","NULL","6","10","11","12","6","10","11","12"
"425","Marie Antoinette","NULL","558","1018","1312","1618","478","901","1385","1500","NULL","6","9","11","12","6","9","11","11"
"426","Mind Mapping","261","443","627","923","1135","353","667","937","1295","NULL","4","7","9","10","4","7","8","11"
"427","naughty girl@Queen’s Palace","NULL","433","869","1088","1380","433","698","853","1276","NULL","5","9","11","11","5","8","10","11"
"428","neogenesis","NULL","504","682","864","1180","476","675","1034","1390","NULL","4","6","9","11","5","7","9","11"
"429","Programmed World","NULL","476","910","1161","NULL","476","941","1181","NULL","NULL","5","9","11","NULL","5","10","11","NULL"
"430","PSYCHE PLANET-GT","NULL","725","1174","1360","NULL","692","1076","1474","NULL","NULL","6","9","10","NULL","6","9","10","NULL"
"431","Queen’s Tragedy","NULL","428","872","1135","NULL","431","812","1012","NULL","NULL","4","8","10","NULL","4","8","9","NULL"
"432","smooooch・∀・","199","418","830","1089","1436","448","813","1166","1475","NULL","4","8","10","11","5","8","10","11"
"433","SOLITON BEAM","NULL","741","1071","1187","NULL","710","1138","1366","NULL","NULL","6","9","10","NULL","7","10","11","NULL"
"434","THANK YOU FOR PLAYING","NULL","412","858","1090","1534","437","863","1107","1182","NULL","5","9","10","12","5","8","10","11"
"435","THE SHINING POLARIS(kors k mix)","NULL","493","775","1061","NULL","573","759","950","NULL","NULL","5","8","9","NULL","6","7","8","NULL"
"436","thunder HOUSE NATION Remix","NULL","544","838","1242","1954","577","840","1296","1873","NULL","5","7","9","12","5","8","10","12"
"437","Turii ～Panta rhei～","186","449","1051","1347","NULL","440","1006","1280","NULL","NULL","4","9","10","NULL","4","8","10","NULL"
"438","V2","400","751","1620","1810","NULL","746","1408","1686","NULL","NULL","6","10","11","NULL","5","10","11","NULL"
"439","You’ll say ”Now!”","NULL","629","962","1276","NULL","537","940","1299","NULL","NULL","6","10","11","NULL","7","10","11","NULL"
"440","3y3s","280","772","1306","1871","NULL","804","1461","1882","NULL","NULL","7","10","12","NULL","8","10","12","NULL"
"441","アタック NO.3","NULL","451","680","1075","NULL","560","889","1180","NULL","NULL","5","7","9","NULL","6","9","10","NULL"
"442","翼","NULL","454","765","988","1258","503","838","1086","1447","NULL","4","7","9","10","5","8","9","11"
"443","天空脳番長危機十六連打","NULL","525","1115","1323","NULL","525","1087","1309","NULL","NULL","5","10","11","NULL","5","10","11","NULL"
"444","鉄甲乙女-under the steel-","NULL","474","826","1098","NULL","534","850","1220","NULL","NULL","4","7","10","NULL","5","9","10","NULL"
"445","ハリツヤランデヴー","NULL","482","1078","1251","NULL","482","939","1248","NULL","NULL","5","8","10","NULL","5","8","10","NULL"
"446","卑弥呼","NULL","643","1442","2119","NULL","640","1396","2194","NULL","NULL","6","11","12","NULL","7","11","12","NULL"
"447","不沈艦CANDY","306","601","1014","1682","NULL","601","1018","1486","NULL","NULL","6","9","12","NULL","6","9","11","NULL"
"448","まほろば","NULL","398","737","1033","NULL","445","708","1127","NULL","NULL","5","7","9","NULL","5","8","11","NULL"
"449","ミッドナイト堕天使","NULL","500","827","1037","NULL","548","895","1123","NULL","NULL","5","7","9","NULL","5","8","9","NULL"
"450","山岡晃の「クイズ！家事都合！」","NULL","339","700","1035","NULL","452","772","1012","NULL","NULL","4","7","10","NULL","5","8","10","NULL"
"451","凛として咲く花の如く","198","672","1087","1398","1595","659","1094","1443","1766","NULL","6","9","10","11","6","9","10","12"
"452","AIR RAID FROM THA UNDAGROUND","276","592","952","1189","1523","587","944","1225","1503","NULL","7","9","11","12","6","9","11","12"
"453","Almagest","NULL","519","1146","1629","NULL","506","1117","1764","NULL","NULL","7","11","12","NULL","6","11","12","NULL"
"454","Bad Maniacs","NULL","667","989","1656","NULL","573","1074","1606","NULL","NULL","7","10","12","NULL","7","10","12","NULL"
"455","bass 2 bass","141","366","638","970","NULL","472","888","1085","NULL","NULL","4","7","10","NULL","5","7","10","NULL"
"456","being torn the sky","NULL","331","613","998","NULL","278","555","864","NULL","NULL","4","7","10","NULL","3","7","9","NULL"
"457","bloomin’ feeling","198","643","980","1313","NULL","646","1109","1384","NULL","NULL","7","9","11","NULL","6","10","11","NULL"
"458","Brazilian Fire","NULL","412","676","894","NULL","414","707","901","NULL","NULL","6","8","9","NULL","4","7","9","NULL"
"459","CaptivAte～裁き～(SUBLIME TECHNO MIX)","NULL","523","837","1231","NULL","530","847","1151","NULL","NULL","6","8","10","NULL","5","8","10","NULL"
"460","Chocolate Dancing","NULL","233","505","724","NULL","263","491","685","NULL","NULL","3","5","7","NULL","3","6","8","NULL"
"461","D","NULL","770","1004","1313","NULL","598","1021","1257","NULL","NULL","8","10","11","NULL","6","10","11","NULL"
"462","Dazzlin’ Darlin-秋葉工房mix-","NULL","403","767","1053","NULL","474","818","1140","NULL","NULL","4","8","10","NULL","5","8","11","NULL"
"463","DENJIN AKATSUKINI TAORERU -SF PureAnalogSynth Mix-","NULL","532","826","1336","NULL","527","819","1222","NULL","NULL","6","8","10","NULL","6","7","10","NULL"
"464","DESIRE","NULL","477","1004","1446","NULL","531","872","1327","NULL","NULL","5","9","11","NULL","5","8","10","NULL"
"465","DOMINION","NULL","635","1194","1636","NULL","601","1180","1631","NULL","NULL","7","10","12","NULL","5","10","12","NULL"
"466","DROP","NULL","435","1115","1337","NULL","390","977","1268","NULL","NULL","4","9","11","NULL","4","8","11","NULL"
"467","Elisha","217","462","754","1152","NULL","481","822","1390","NULL","NULL","6","10","11","NULL","5","9","11","NULL"
"468","Empire State Glory","NULL","563","928","1329","NULL","596","1041","1351","NULL","NULL","6","9","11","NULL","6","10","11","NULL"
"469","eRAseRmOToRpHAntOM","NULL","787","1340","1686","NULL","788","1281","1798","NULL","NULL","7","10","12","NULL","8","10","12","NULL"
"470","Evans","304","628","1121","1440","NULL","679","1046","1438","NULL","NULL","6","11","12","NULL","7","10","12","NULL"
"471","EXUSIA","NULL","628","1417","1964","NULL","887","1392","1980","NULL","NULL","6","10","12","NULL","8","10","12","NULL"
"472","G59","NULL","906","1210","2000","NULL","652","1210","2000","NULL","NULL","7","10","12","NULL","6","11","12","NULL"
"473","GALGALIM","NULL","733","1036","1208","NULL","708","979","1197","NULL","NULL","6","10","11","NULL","7","10","12","NULL"
"474","Hydrogen Blueback","NULL","520","862","1170","1241","573","877","1165","1241","NULL","5","8","10","11","5","8","10","11"
"475","Keep it-秋葉工房mix-","NULL","521","867","942","NULL","380","775","1204","NULL","NULL","5","9","10","NULL","5","9","11","NULL"
"476","Last Burning","NULL","443","840","1197","NULL","434","840","1059","NULL","NULL","5","7","10","NULL","4","7","9","NULL"
"477","Light Shine","NULL","415","582","988","NULL","559","898","1361","NULL","NULL","5","7","10","NULL","5","9","11","NULL"
"478","London Affairs Beckoned With Money Loved By Yellow Papers.","NULL","407","743","922","NULL","475","659","873","NULL","NULL","4","6","8","NULL","4","7","8","NULL"
"479","MIRACLE MEETS","NULL","488","807","1128","NULL","471","857","1051","NULL","NULL","6","9","11","NULL","6","9","10","NULL"
"480","mosaic","NULL","754","1035","1509","NULL","728","845","1348","NULL","NULL","7","10","12","NULL","7","8","11","NULL"
"481","NEW SENSATION -もう、あなたしか見えない-","NULL","641","1045","1357","NULL","650","1022","1574","NULL","NULL","6","10","11","NULL","6","9","11","NULL"
"482","NoN-Fiction Story!","NULL","360","703","1112","NULL","471","713","1007","NULL","NULL","4","7","10","NULL","4","7","9","NULL"
"483","One of A Kind","NULL","420","711","946","NULL","464","726","973","NULL","NULL","4","8","9","NULL","4","7","9","NULL"
"484","Programmed Sun","NULL","563","960","1309","NULL","371","885","1135","NULL","NULL","6","9","11","NULL","4","9","10","NULL"
"485","quell～the seventh slave～","NULL","490","926","1646","NULL","638","944","1752","NULL","NULL","4","9","12","NULL","7","9","12","NULL"
"486","Raison d’être～交差する宿命～","NULL","614","1184","1389","NULL","564","1028","1836","NULL","NULL","5","10","11","NULL","6","10","12","NULL"
"487","Red. by Full Metal Jacket","NULL","517","1062","1643","NULL","517","1015","1564","NULL","NULL","6","10","12","NULL","6","9","12","NULL"
"488","Roots of my way!","NULL","447","683","1025","NULL","500","683","1025","NULL","NULL","4","7","9","NULL","5","7","9","NULL"
"489","She is my wife","217","358","801","1002","NULL","356","795","1020","NULL","NULL","5","9","10","NULL","5","9","10","NULL"
"490","SOLID STATE SQUAD","NULL","539","1188","1819","1868","539","1188","1913","2033","NULL","5","10","12","12","5","11","12","12"
"491","Sorrows","NULL","410","848","1241","NULL","466","880","1274","NULL","NULL","5","8","10","NULL","5","8","11","NULL"
"492","Special One","NULL","435","618","895","NULL","415","625","900","NULL","NULL","5","7","9","NULL","5","8","9","NULL"
"493","spiral galaxy -L.E.D. STYLE SPREADING PARTICLE BEAM MIX-","NULL","541","1086","1270","NULL","549","1087","1270","NULL","NULL","5","9","10","NULL","5","9","10","NULL"
"494","THE LAST STRIKER","NULL","721","995","1327","NULL","707","1016","1342","NULL","NULL","6","8","11","NULL","6","8","10","NULL"
"495","The Story Begins","NULL","428","925","1232","NULL","729","1117","1480","NULL","NULL","4","8","10","NULL","6","9","11","NULL"
"496","To the Future","NULL","295","518","951","NULL","305","568","903","NULL","NULL","5","7","9","NULL","4","7","9","NULL"
"497","with me...","NULL","465","917","1277","NULL","470","902","1089","NULL","NULL","5","8","10","NULL","5","8","9","NULL"
"498","かずあそび","NULL","265","600","852","NULL","352","689","910","NULL","NULL","3","6","8","NULL","4","7","9","NULL"
"499","コスモス","NULL","458","762","1049","NULL","471","778","1012","NULL","NULL","5","8","9","NULL","5","8","9","NULL"
"500","サヨナラ・ヘヴン","190","476","709","855","NULL","644","815","957","NULL","NULL","4","6","8","NULL","6","7","8","NULL"
"501","水上の提督(Short mix from ”幻想水滸伝V”)","NULL","357","868","1073","NULL","357","940","1147","NULL","NULL","4","8","10","NULL","3","9","10","NULL"
"502","たからもの","NULL","646","943","1123","1786","636","908","1521","1846","NULL","6","8","9","11","5","7","10","11"
"503","バビロニア","NULL","422","705","940","NULL","412","590","951","NULL","NULL","4","7","8","NULL","4","6","8","NULL"
"504","フェティッシュペイパー ～ 脇の汗回転ガール ～","NULL","396","603","914","NULL","397","596","995","NULL","NULL","4","6","8","NULL","5","6","10","NULL"
"505","未来のプリズム","NULL","351","701","893","NULL","341","698","967","NULL","NULL","4","7","9","NULL","4","8","10","NULL"
"506","ワルツ第17番 ト短調”大犬のワルツ”","NULL","669","1214","1684","NULL","640","1259","2290","NULL","NULL","6","10","12","NULL","6","10","12","NULL"
"507","Aegis","NULL","459","717","1202","NULL","444","728","1109","NULL","NULL","6","8","11","NULL","5","8","10","NULL"
"508","ALBIDA","267","560","1013","1530","NULL","568","958","1393","NULL","NULL","6","10","12","NULL","6","9","11","NULL"
"509","Answer","NULL","393","748","1224","NULL","463","738","1142","NULL","NULL","4","7","10","NULL","5","7","9","NULL"
"510","ANTHEM LANDING","NULL","489","987","1484","NULL","555","1164","1258","NULL","NULL","5","9","11","NULL","6","10","11","NULL"
"511","Believe In Me","NULL","533","962","1213","NULL","502","916","1200","NULL","NULL","5","9","11","NULL","5","9","11","NULL"
"512","BLUST OF WIND","NULL","427","810","1080","NULL","394","784","1113","NULL","NULL","5","8","10","NULL","5","8","10","NULL"
"513","Bounce Bounce Bounce","NULL","560","909","1293","NULL","507","874","1230","NULL","NULL","5","9","11","NULL","5","9","11","NULL"
"514","Breaking the ground","NULL","598","899","1274","NULL","556","866","1265","NULL","NULL","5","8","10","NULL","5","8","10","NULL"
"515","Broken","NULL","543","1039","1598","NULL","551","1096","1420","NULL","NULL","5","9","12","NULL","5","9","12","NULL"
"516","BROKEN EDEN","NULL","542","917","1182","NULL","560","992","1235","NULL","NULL","6","9","11","NULL","6","10","11","NULL"
"517","Dances with Snow Fairies","NULL","743","1165","1623","NULL","739","1183","1848","NULL","NULL","7","10","12","NULL","7","10","12","NULL"
"518","Destiny Sword","NULL","455","923","1213","NULL","453","829","1254","NULL","NULL","5","9","11","NULL","5","9","11","NULL"
"519","DM STAR～関西 energy style～","NULL","562","979","1206","NULL","637","1109","1474","NULL","NULL","6","9","10","NULL","6","9","11","NULL"
"520","ELECTRIC MASSIVE DIVER","NULL","688","1291","1883","NULL","583","1020","1867","NULL","NULL","6","10","12","NULL","6","9","12","NULL"
"521","Energy Drive","NULL","448","763","1122","NULL","452","835","1230","NULL","NULL","6","8","11","NULL","6","8","11","NULL"
"522","Everlasting Resort","NULL","448","669","959","NULL","472","750","1058","NULL","NULL","4","7","10","NULL","5","7","10","NULL"
"523","Fantasia","122","201","781","1123","NULL","309","783","1216","NULL","NULL","3","8","10","NULL","4","8","10","NULL"
"524","Golden Palms","NULL","377","758","1036","1240","503","853","1185","1264","NULL","5","8","10","11","5","9","10","11"
"525","Hardcore Mania","NULL","489","788","1101","NULL","512","865","1097","NULL","NULL","6","8","10","NULL","5","8","10","NULL"
"526","I FIGHT ME","NULL","315","718","1068","1440","366","781","1172","1428","NULL","3","7","9","11","4","7","10","11"
"527","Kailua","NULL","268","708","1125","NULL","429","740","1120","NULL","NULL","5","9","11","NULL","4","9","12","NULL"
"528","La Mar","NULL","337","612","917","NULL","376","534","914","NULL","NULL","4","6","8","NULL","4","6","8","NULL"
"529","Let The Track Flow","NULL","571","943","1367","NULL","534","903","1380","NULL","NULL","6","9","11","NULL","5","8","11","NULL"
"530","Love♡km","NULL","282","722","1142","NULL","375","724","1150","NULL","NULL","3","8","10","NULL","4","8","10","NULL"
"531","Medicine of love","NULL","331","558","866","NULL","328","502","857","NULL","NULL","4","6","9","NULL","4","6","9","NULL"
"532","Mermaid girl","295","500","856","1113","NULL","629","1003","1310","NULL","NULL","5","8","10","NULL","6","8","10","NULL"
"533","Never Fade Away","NULL","398","907","1535","NULL","529","1104","1598","NULL","NULL","4","8","11","NULL","5","9","11","NULL"
"534","New Castle Legions","NULL","512","1027","1287","NULL","483","990","1567","NULL","NULL","6","10","11","NULL","6","10","12","NULL"
"535","PARADISE LOST","NULL","726","1217","1718","NULL","689","1106","1820","NULL","NULL","7","11","12","NULL","7","10","12","NULL"
"536","passionate fate","NULL","589","832","1075","NULL","573","840","1295","NULL","NULL","6","8","10","NULL","6","9","11","NULL"
"537","perditus†paradisus","NULL","658","1345","2065","NULL","665","1341","2109","NULL","NULL","7","11","12","NULL","7","11","12","NULL"
"538","Programmed Sun (xac Antarctic Ocean mix)","NULL","384","767","1013","NULL","344","684","1030","NULL","NULL","4","7","10","NULL","4","7","10","NULL"
"539","reunion","281","708","1239","1677","NULL","822","1243","1893","NULL","NULL","8","11","12","NULL","8","11","12","NULL"
"540","Rock Da House","NULL","456","836","1128","NULL","453","794","1150","NULL","NULL","5","9","11","NULL","5","8","10","NULL"
"541","SABER WING","NULL","282","952","1438","NULL","372","928","1549","NULL","NULL","5","9","11","NULL","5","9","12","NULL"
"542","Sakura Reflection","NULL","242","815","1190","NULL","511","879","1395","NULL","NULL","3","9","11","NULL","6","9","11","NULL"
"543","sakura storm","NULL","529","675","1225","NULL","550","913","1498","NULL","NULL","5","8","12","NULL","6","10","12","NULL"
"544","SPECIAL SUMMER CAMPAIGN!","NULL","358","833","1509","NULL","601","1097","1526","NULL","NULL","4","8","12","NULL","6","10","12","NULL"
"545","Stay my side","NULL","325","541","678","NULL","301","498","689","NULL","NULL","4","6","8","NULL","4","6","7","NULL"
"546","STELLAR WIND","194","322","963","1370","NULL","523","930","1373","NULL","NULL","4","9","11","NULL","5","9","11","NULL"
"547","Survival Games","NULL","433","746","1091","NULL","484","829","1195","NULL","NULL","4","7","10","NULL","4","8","10","NULL"
"548","Take Me Higher","NULL","400","841","1202","NULL","447","817","1253","NULL","NULL","4","8","10","NULL","4","8","10","NULL"
"549","THE BLACK KNIGHT","NULL","470","1067","1488","NULL","518","1086","1490","NULL","NULL","5","10","11","NULL","6","10","12","NULL"
"550","THE DOOR INTO RAINBOW","NULL","409","873","1123","NULL","425","923","1289","NULL","NULL","4","8","10","NULL","4","9","11","NULL"
"551","THE FALLEN","NULL","468","780","1377","NULL","529","925","1235","NULL","NULL","5","8","11","NULL","5","9","11","NULL"
"552","Tropical April","NULL","827","1174","1395","NULL","636","1071","1388","NULL","NULL","8","10","11","NULL","6","9","11","NULL"
"553","Vermillion","NULL","272","598","1045","NULL","276","743","1091","NULL","NULL","5","7","10","NULL","5","8","10","NULL"
"554","Watch Out Pt.2","NULL","599","1029","1506","NULL","616","961","1322","NULL","NULL","6","9","12","NULL","6","9","11","NULL"
"555","WE LOVE SHONAN","NULL","404","865","1106","NULL","421","734","1180","NULL","NULL","4","9","10","NULL","4","8","11","NULL"
"556","WISE UP!","174","249","596","803","1320","284","487","792","1316","NULL","3","7","9","11","3","6","9","11"
"557","Wuv U","NULL","208","672","861","NULL","623","804","1089","NULL","NULL","3","8","10","NULL","7","9","11","NULL"
"558","XANADU OF TWO","NULL","505","882","1382","NULL","551","879","1329","NULL","NULL","5","8","10","NULL","5","8","10","NULL"
"559","ZETA～素数の世界と超越者～","167","307","1097","1583","NULL","557","1307","1847","NULL","NULL","4","9","11","NULL","6","10","12","NULL"
"560","おおきなこえで","NULL","230","502","754","1095","235","459","611","1067","NULL","3","5","7","10","3","5","7","10"
"561","かげぬい ～ Ver.BENIBOTAN ～","266","450","718","980","NULL","458","729","1076","NULL","NULL","5","7","9","NULL","5","7","10","NULL"
"562","黒髪乱れし修羅となりて","NULL","410","1077","1745","NULL","557","1234","1750","NULL","NULL","4","9","12","NULL","5","10","12","NULL"
"563","灼熱Beach Side Bunny","296","564","1025","1719","NULL","542","933","1692","NULL","NULL","7","10","12","NULL","6","10","12","NULL"
"564","旅人リラン","NULL","579","998","1345","NULL","617","1054","1475","NULL","NULL","6","9","11","NULL","6","10","12","NULL"
"565","中華急行","NULL","164","770","1167","NULL","433","811","1233","NULL","NULL","2","8","10","NULL","5","8","10","NULL"
"566","夕焼け ～Fading Day～","NULL","504","1067","1420","NULL","488","983","1314","NULL","NULL","5","9","11","NULL","5","9","11","NULL"
"567","ラクエン Feat.Chiharu Chonan -JAKA respect for K.S.K. Remix","NULL","577","864","1307","NULL","616","942","1327","NULL","NULL","6","8","10","NULL","6","8","11","NULL"
"568","A MINSTREL ～ ver. short-scape ～","NULL","341","732","1187","1954","346","771","1231","1965","NULL","3","6","9","12","3","8","9","12"
"569","Almace","NULL","432","660","1012","NULL","431","746","1153","NULL","NULL","4","8","10","NULL","4","8","11","NULL"
"570","ANAGRAMS I to Y","NULL","456","849","1245","NULL","437","863","1233","NULL","NULL","4","7","9","NULL","4","8","9","NULL"
"571","BLACK.by X-Cross Fade","NULL","518","1111","1738","NULL","547","1201","1761","NULL","NULL","6","10","12","NULL","6","10","12","NULL"
"572","CALL","NULL","185","441","735","1371","271","721","864","1426","NULL","2","5","8","11","2","8","8","11"
"573","Castle on the Moon","NULL","328","837","1231","NULL","329","818","1305","NULL","NULL","4","9","11","NULL","4","9","11","NULL"
"574","Change the World","NULL","412","714","931","NULL","549","913","1271","NULL","NULL","5","7","9","NULL","6","9","11","NULL"
"575","DIAVOLO","NULL","657","974","1745","NULL","657","1209","1832","NULL","NULL","6","9","12","NULL","7","10","12","NULL"
"576","Drive Me Crazy","NULL","361","704","1157","NULL","360","687","1254","NULL","NULL","4","7","10","NULL","4","7","10","NULL"
"577","Express Emotion","NULL","385","521","1271","NULL","395","654","1248","NULL","NULL","4","6","10","NULL","4","6","9","NULL"
"578","F","NULL","532","1099","1813","NULL","532","1258","1760","NULL","NULL","5","10","12","NULL","5","10","12","NULL"
"579","Far east nightbird","180","264","682","1025","NULL","373","738","1126","NULL","NULL","3","7","9","NULL","4","8","10","NULL"
"580","ƒƒƒƒƒ","NULL","431","1109","1624","NULL","611","1297","1703","NULL","NULL","4","10","12","NULL","5","10","12","NULL"
"581","Flip Flap","NULL","294","706","1137","NULL","293","662","1004","NULL","NULL","3","7","10","NULL","3","7","10","NULL"
"582","Follow Tomorrow","NULL","457","754","1142","NULL","490","819","1193","NULL","NULL","4","8","10","NULL","4","8","10","NULL"
"583","GIGANT","NULL","297","601","890","1484","316","678","1068","1481","NULL","3","6","9","NULL","3","7","10","NULL"
"584","HAERETICUS","NULL","440","1000","1589","NULL","458","1004","1535","NULL","NULL","5","10","12","NULL","5","10","12","NULL"
"585","I’m so Happy","159","211","709","1187","NULL","381","768","1205","NULL","NULL","3","8","11","NULL","5","9","11","NULL"
"586","In the Blackest Den","NULL","449","831","1372","NULL","452","873","1457","NULL","NULL","5","8","11","NULL","5","8","11","NULL"
"587","Infinite cave","NULL","529","786","1044","NULL","724","1137","1525","NULL","NULL","6","9","10","NULL","8","10","12","NULL"
"588","Into The Sunlight","NULL","520","877","1192","NULL","537","881","1477","NULL","NULL","5","8","10","NULL","5","8","10","NULL"
"589","KYAMISAMA ONEGAI!","NULL","344","580","1076","1583","394","628","1098","1845","NULL","3","6","9","11","4","6","9","12"
"590","LAX5 feat.Ryota Yoshinari","NULL","540","1082","1427","NULL","612","1181","1544","NULL","NULL","6","9","10","NULL","6","9","10","NULL"
"591","LETHEBOLG ～双神威に斬り咲けり～","NULL","518","826","1111","NULL","512","866","1115","NULL","NULL","5","8","10","NULL","5","8","10","NULL"
"592","Liquid Crystal Girl feat. echo","NULL","209","562","1014","NULL","229","617","1202","NULL","NULL","2","6","9","NULL","2","6","9","NULL"
"593","Lucky Days","NULL","333","777","1111","NULL","333","777","1111","NULL","NULL","4","8","10","NULL","4","8","10","NULL"
"594","Mermaid girl-秋葉工房 MIX-","NULL","415","678","1030","NULL","427","704","1029","NULL","NULL","4","6","9","NULL","4","7","9","NULL"
"595","Miami Sunset Drive","NULL","324","548","842","NULL","331","669","995","NULL","NULL","4","6","9","NULL","4","7","10","NULL"
"596","NNRT","NULL","632","1290","1780","NULL","654","1389","1957","NULL","NULL","6","10","12","NULL","6","10","12","NULL"
"597","PentaCube Gt.(RX-Ver.S.P.L.)","NULL","266","775","1069","NULL","494","775","1098","NULL","NULL","4","8","9","NULL","6","8","10","NULL"
"598","Phoenix","NULL","454","617","1258","2027","527","793","1329","2010","NULL","5","7","10","12","5","8","11","12"
"599","prompt","NULL","482","802","1420","NULL","530","1024","1502","NULL","NULL","5","8","11","NULL","5","8","11","NULL"
"600","QUANTUM TELEPORTATION","NULL","729","1216","1490","1845","729","1216","1999","1825","NULL","7","10","11","12","7","10","12","12"
"601","quaver♪","NULL","357","1075","1745","NULL","340","1021","1874","NULL","NULL","4","9","12","NULL","4","9","12","NULL"
"602","Quick Silver","NULL","404","941","1353","NULL","447","878","1438","NULL","NULL","5","9","11","NULL","5","9","11","NULL"
"603","Release The Music","NULL","430","740","1081","NULL","420","771","1035","NULL","NULL","4","7","10","NULL","4","7","10","NULL"
"604","RESISTANCE","NULL","320","679","1198","NULL","353","707","1345","NULL","NULL","3","7","10","NULL","3","7","10","NULL"
"605","Round and Round","NULL","403","622","1088","NULL","435","700","1230","NULL","NULL","4","6","9","NULL","3","6","10","NULL"
"606","SA.YO.NA.RA. SUPER STAR","NULL","248","656","868","NULL","402","754","1192","NULL","NULL","4","8","10","NULL","5","9","11","NULL"
"607","Scharfrichter","NULL","449","822","1472","NULL","522","974","1552","NULL","NULL","5","9","11","NULL","6","9","11","NULL"
"608","Several Words","NULL","321","729","1098","NULL","336","724","1108","NULL","NULL","4","8","10","NULL","4","8","10","NULL"
"609","SHADE","NULL","551","1048","1464","NULL","609","1100","1372","NULL","NULL","5","9","11","NULL","5","10","11","NULL"
"610","Snake Stick","NULL","535","1067","1447","NULL","560","1108","1418","NULL","NULL","6","10","12","NULL","6","10","12","NULL"
"611","Snow Goose","151","188","691","1238","NULL","239","1017","1394","NULL","NULL","3","8","11","NULL","4","9","11","NULL"
"612","Star Trail","NULL","325","612","942","NULL","376","726","1177","NULL","NULL","4","7","10","NULL","4","7","10","NULL"
"613","The Limbo","NULL","603","1042","1701","2190","626","1192","1618","2146","NULL","6","10","12","12","6","10","12","12"
"614","The Sampling Paradise","NULL","438","940","1545","NULL","451","1191","1646","NULL","NULL","5","9","12","NULL","5","10","12","NULL"
"615","Thunderbolt","NULL","527","975","1911","NULL","534","1034","1677","NULL","NULL","5","9","12","NULL","5","9","11","NULL"
"616","TITANS RETURN","164","318","802","1275","1377","319","798","1265","1384","NULL","4","8","11","12","4","8","11","12"
"617","Todestrieb","NULL","565","979","1733","NULL","541","1079","1960","NULL","NULL","5","9","12","NULL","5","9","12","NULL"
"618","WONDER WALKER","NULL","496","990","1921","NULL","498","1020","1916","NULL","NULL","5","9","12","NULL","5","9","12","NULL"
"619","YAKSHA","NULL","634","1215","2000","NULL","647","1391","2033","NULL","NULL","6","10","12","NULL","6","11","12","NULL"
"620","yellow head joe","NULL","401","778","1152","NULL","424","893","1438","NULL","NULL","4","8","10","NULL","4","9","12","NULL"
"621","Yellow Sunrise","NULL","383","726","1145","NULL","437","878","1493","NULL","NULL","4","7","10","NULL","4","8","11","NULL"
"622","24th Century BOY","NULL","430","996","1456","NULL","507","1049","1398","NULL","NULL","5","9","11","NULL","5","9","11","NULL"
"623","532nm","NULL","288","640","1349","NULL","352","686","1310","NULL","NULL","3","7","11","NULL","4","7","11","NULL"
"624","蛇神","212","368","773","1438","NULL","419","922","1473","NULL","NULL","4","8","11","NULL","4","8","11","NULL"
"625","陽炎","NULL","317","606","1010","NULL","315","602","1079","NULL","NULL","3","6","9","NULL","3","6","10","NULL"
"626","君のハートにロックオン","NULL","359","904","1363","NULL","367","902","1837","NULL","NULL","4","9","11","NULL","4","8","12","NULL"
"627","恋する☆宇宙戦争っ！！","257","455","883","1835","2355","455","840","1858","2276","NULL","5","8","12","NULL","4","8","12","NULL"
"628","子供の落書き帳","NULL","471","1018","1395","NULL","561","941","1254","NULL","NULL","6","10","12","NULL","7","10","12","NULL"
"629","衰色小町メランコリア","NULL","401","711","1192","NULL","395","744","1163","NULL","NULL","4","7","10","NULL","4","7","10","NULL"
"630","天空の夜明け","NULL","686","1125","2072","NULL","703","1444","2261","NULL","NULL","7","10","12","NULL","7","11","12","NULL"
"631","突撃!ガラスのニーソ姫!","NULL","329","592","1066","NULL","363","696","1144","NULL","NULL","4","7","10","NULL","4","8","10","NULL"
"632","ビューティフルレシート","171","259","621","978","NULL","311","814","1151","NULL","NULL","3","8","10","NULL","4","9","11","NULL"
"633","ユミル","NULL","333","691","1434","2020","505","854","1404","1941","NULL","3","7","11","12","5","8","11","12"
"634","Ascalon","NULL","569","913","1171","NULL","649","1031","1448","NULL","NULL","5","8","10","NULL","6","9","11","NULL"
"635","Beastie Starter","NULL","272","661","1121","NULL","272","667","1100","NULL","NULL","3","7","11","NULL","3","7","11","NULL"
"636","BLUE STRAGGLER","NULL","440","761","1328","NULL","442","843","1311","NULL","NULL","4","7","10","NULL","4","8","10","NULL"
"637","BRAVE GLOW","NULL","419","875","1261","NULL","392","772","1188","NULL","NULL","4","8","10","NULL","4","8","10","NULL"
"638","Breaking Dawn feat. NO+CHIN, AYANO","NULL","549","851","1544","NULL","563","851","1551","NULL","NULL","5","8","11","NULL","5","8","11","NULL"
"639","CONCEPTUAL","NULL","417","689","1391","NULL","437","708","1412","NULL","NULL","5","7","11","NULL","5","8","11","NULL"
"640","Confiserie","NULL","484","1097","1833","NULL","509","1097","1938","NULL","NULL","5","10","12","NULL","5","10","12","NULL"
"641","connective","NULL","203","564","805","NULL","206","569","787","NULL","NULL","2","6","8","NULL","2","6","8","NULL"
"642","Cookie Bouquets","NULL","446","1076","1714","NULL","655","1119","1814","NULL","NULL","5","9","11","NULL","7","10","11","NULL"
"643","DAY DREAM","NULL","295","685","1075","NULL","318","644","1018","NULL","NULL","5","10","12","NULL","6","10","12","NULL"
"644","Deceive Your Insight","NULL","460","786","1242","NULL","454","895","1431","NULL","NULL","5","8","11","NULL","5","9","11","NULL"
"645","Echo Of Forever","NULL","307","597","1020","NULL","332","674","1076","NULL","NULL","3","6","9","NULL","4","7","10","NULL"
"646","Elemental Creation","NULL","767","1248","2130","NULL","828","1268","2222","NULL","NULL","7","10","12","NULL","8","10","12","NULL"
"647","Empathetic","NULL","358","716","1085","NULL","411","809","1161","NULL","NULL","4","7","10","NULL","4","8","11","NULL"
"648","examination leave","NULL","585","972","1712","NULL","704","1148","1613","NULL","NULL","6","9","11","NULL","6","10","11","NULL"
"649","FLOWER","182","575","915","1460","NULL","605","977","1493","NULL","NULL","6","9","11","NULL","6","9","12","NULL"
"650","Fly you to the star","NULL","393","818","1144","NULL","410","744","1161","NULL","NULL","4","8","10","NULL","4","8","11","NULL"
"651","Fractal","NULL","648","1033","1512","NULL","883","1293","1713","NULL","NULL","6","9","11","NULL","8","10","12","NULL"
"652","GAIA","NULL","527","1149","1676","NULL","610","1074","1854","NULL","NULL","5","10","12","NULL","5","10","12","NULL"
"653","GRADIUS 2012","NULL","465","869","1380","NULL","532","817","1459","NULL","NULL","5","8","10","NULL","5","8","11","NULL"
"654","Hollywood Galaxy","NULL","567","1039","1392","NULL","579","1022","1378","NULL","NULL","5","10","12","NULL","6","9","12","NULL"
"655","Holy Snow","NULL","435","700","944","NULL","605","1069","1203","NULL","NULL","4","8","10","NULL","6","10","12","NULL"
"656","Howling","NULL","280","695","1066","1350","321","710","1060","1427","NULL","4","7","9","10","4","7","10","11"
"657","I know You know","NULL","304","602","950","NULL","345","628","976","NULL","NULL","3","6","9","NULL","3","6","9","NULL"
"658","ILIAS","NULL","406","669","1105","NULL","412","846","1286","NULL","NULL","4","7","10","NULL","4","8","10","NULL"
"659","Illegal Function Call","NULL","511","942","1398","2023","533","1173","1602","2076","NULL","5","9","11","NULL","5","10","11","NULL"
"660","In Heaven","NULL","386","745","1072","NULL","495","754","1107","NULL","NULL","4","7","9","NULL","5","7","9","NULL"
"661","JOMANDA","NULL","595","1300","1918","NULL","598","1317","1810","NULL","NULL","6","10","12","NULL","6","10","12","NULL"
"662","Liberation","NULL","760","1203","1905","NULL","738","1290","1744","NULL","NULL","6","9","12","NULL","6","10","12","NULL"
"663","Light and Cyber…","NULL","532","1039","1579","NULL","565","1073","1502","NULL","NULL","5","9","11","NULL","5","9","11","NULL"
"664","Little Star","NULL","495","896","1635","NULL","498","954","1676","NULL","NULL","5","8","12","NULL","5","8","12","NULL"
"665","LUV CAN SAVE U","NULL","295","720","1069","1409","300","699","1416","1644","NULL","3","7","9","10","3","6","10","11"
"666","mnemoniq","NULL","269","488","658","NULL","396","635","799","NULL","NULL","4","5","8","NULL","5","8","9","NULL"
"667","Neonlights","NULL","333","815","1127","NULL","346","967","1121","NULL","NULL","4","8","10","NULL","4","10","11","NULL"
"668","neu","NULL","504","1099","1999","NULL","521","999","1999","NULL","NULL","6","10","12","NULL","6","10","12","NULL"
"669","New Decade IIDX Edition","NULL","503","1001","1539","NULL","533","948","1461","NULL","NULL","5","9","11","NULL","5","9","11","NULL"
"670","New Lights","NULL","531","929","1250","NULL","686","945","1306","NULL","NULL","6","9","10","NULL","6","9","10","NULL"
"671","Plan 8","NULL","600","1147","1690","NULL","627","1077","1577","NULL","NULL","6","10","12","NULL","6","10","12","NULL"
"672","planarian","NULL","360","854","1279","NULL","398","862","1439","NULL","NULL","4","8","10","NULL","4","8","11","NULL"
"673","POINT ZERO","NULL","370","663","1068","NULL","352","722","1014","NULL","NULL","4","7","10","NULL","4","7","10","NULL"
"674","portal","NULL","438","736","1090","NULL","347","686","1064","NULL","NULL","4","7","10","NULL","3","7","9","NULL"
"675","Präludium","NULL","355","732","1164","NULL","381","758","1216","NULL","NULL","4","8","10","NULL","4","8","11","NULL"
"676","Proof of the existence","NULL","603","1104","1675","NULL","595","1104","1524","NULL","NULL","6","10","12","NULL","6","10","12","NULL"
"677","Rainbow after snow","NULL","370","744","1090","NULL","494","794","1208","NULL","NULL","4","7","10","NULL","5","8","10","NULL"
"678","Reflection Into the EDEN","NULL","404","740","1100","NULL","539","806","1283","NULL","NULL","4","7","10","NULL","5","7","10","NULL"
"679","Re:GENERATION","122","481","810","1145","NULL","481","949","1410","NULL","NULL","5","8","10","NULL","5","8","11","NULL"
"680","rumrum triplets","NULL","491","1029","1541","NULL","484","1256","1613","NULL","NULL","5","10","11","NULL","5","10","12","NULL"
"681","S!ck","NULL","463","808","1373","NULL","465","961","1416","NULL","NULL","5","8","11","NULL","5","9","11","NULL"
"682","Saturn","NULL","693","1040","1332","NULL","711","1091","1470","NULL","NULL","7","10","11","NULL","6","10","11","NULL"
"683","Shining World","NULL","632","811","976","NULL","568","726","1296","NULL","NULL","6","8","9","NULL","4","7","9","NULL"
"684","SHION","NULL","338","656","1359","NULL","393","810","1482","NULL","NULL","4","7","10","NULL","4","7","11","NULL"
"685","Sol Cosine Job 2","NULL","542","904","1625","NULL","550","1294","1596","NULL","NULL","6","9","12","NULL","6","11","12","NULL"
"686","Spinning Around","NULL","446","799","1161","NULL","448","859","1312","NULL","NULL","5","7","10","NULL","4","8","10","NULL"
"687","STULTI","NULL","415","867","1416","NULL","494","936","1496","NULL","NULL","5","10","12","NULL","5","10","12","NULL"
"688","SYNC-ANTHEM","NULL","481","1279","1865","NULL","563","1254","1732","NULL","NULL","5","10","12","NULL","6","10","12","NULL"
"689","Synergy For Angels","NULL","466","860","1400","NULL","469","850","1496","NULL","NULL","4","8","11","NULL","4","8","11","NULL"
"690","Thor’s Hammer","NULL","491","945","1641","NULL","516","1015","1670","NULL","NULL","5","10","12","NULL","5","10","12","NULL"
"691","Time to Empress","NULL","467","983","1324","NULL","726","1138","1497","NULL","NULL","4","9","10","NULL","7","9","11","NULL"
"692","Timepiece phase II","NULL","546","1161","1665","NULL","522","1180","1571","NULL","NULL","5","10","12","NULL","6","11","12","NULL"
"693","Timepiece phase II (CN Ver.)","NULL","501","1008","1546","NULL","502","970","1325","NULL","NULL","6","10","12","NULL","6","11","12","NULL"
"694","To my star","NULL","302","638","878","NULL","296","658","1019","NULL","NULL","3","6","9","NULL","3","7","9","NULL"
"695","Tp-RZ","NULL","439","701","1136","NULL","452","729","1165","NULL","NULL","5","7","10","NULL","5","7","10","NULL"
"696","True Blue","NULL","551","1291","1898","NULL","579","1244","1775","NULL","NULL","5","10","12","NULL","5","10","12","NULL"
"697","Valanga","NULL","674","1126","1647","NULL","644","1142","1807","NULL","NULL","7","10","12","NULL","6","10","12","NULL"
"698","VALLIS-NERIA","NULL","623","1076","1507","NULL","667","1169","1619","NULL","NULL","6","10","11","NULL","7","10","11","NULL"
"699","VEGA","NULL","581","1061","1584","NULL","583","1046","1670","NULL","NULL","5","9","11","NULL","5","9","11","NULL"
"700","YELLOW FROG from Steel Chronicle","NULL","295","643","963","1408","367","667","1062","1526","NULL","3","7","9","11","4","6","10","12"
"701","ZED","NULL","474","876","1405","NULL","534","818","1479","NULL","NULL","5","8","11","NULL","5","8","11","NULL"
"702","Zirkfied","NULL","524","1055","1968","NULL","518","1044","1897","NULL","NULL","5","10","12","NULL","5","10","12","NULL"
"703","405nm (Ryu☆mix)","NULL","467","898","1301","NULL","469","910","1361","NULL","NULL","5","9","11","NULL","5","9","11","NULL"
"704","8bit Princess","NULL","327","690","1319","NULL","343","621","1355","NULL","NULL","3","6","10","NULL","3","6","10","NULL"
"705","アストライアの双皿","NULL","345","1110","1632","NULL","505","1105","1514","NULL","NULL","4","9","12","NULL","5","9","12","NULL"
"706","梅雪夜","NULL","445","759","1081","NULL","425","771","1108","NULL","NULL","5","7","10","NULL","5","8","10","NULL"
"707","ΕΛΠΙΣ","NULL","584","1075","1600","1852","551","1096","1577","1815","NULL","6","10","12","12","6","10","12","12"
"708","お米の美味しい炊き方、そしてお米を食べることによるその効果。","NULL","459","812","1122","NULL","517","805","1085","NULL","NULL","5","8","10","NULL","5","9","10","NULL"
"709","朧","104","395","758","1060","1280","413","759","1082","1257","NULL","4","7","10","11","4","7","10","11"
"710","音楽","NULL","453","1038","1487","NULL","500","949","1369","NULL","NULL","5","10","12","NULL","5","10","12","NULL"
"711","下弦の月","NULL","477","755","1000","NULL","471","729","984","NULL","NULL","5","7","9","NULL","5","7","9","NULL"
"712","カジノファイヤーことみちゃん","NULL","331","737","1271","NULL","343","701","1477","NULL","NULL","4","8","11","NULL","4","8","12","NULL"
"713","仮想空間の旅人たち","NULL","587","1121","1450","1943","570","1032","1549","1817","NULL","5","9","11","12","5","8","11","12"
"714","キャトられ♥恋はモ～モク","NULL","751","1359","1988","NULL","795","1388","2120","NULL","NULL","6","10","12","NULL","6","10","12","NULL"
"715","狂イ咲ケ焔ノ華","NULL","621","1269","1860","NULL","656","1316","1894","NULL","NULL","6","10","12","NULL","6","10","12","NULL"
"716","シュレーディンガーの猫","NULL","580","1231","1717","NULL","614","1198","1685","NULL","NULL","6","10","12","NULL","7","10","12","NULL"
"717","晴天Bon Voyage","NULL","242","649","917","NULL","370","672","915","NULL","NULL","3","7","9","NULL","4","7","9","NULL"
"718","創世ノート","NULL","430","988","1512","NULL","464","952","1265","NULL","NULL","4","9","11","NULL","4","9","11","NULL"
"719","たまゆら","NULL","600","960","1407","NULL","602","1159","1441","NULL","NULL","7","10","12","NULL","6","10","12","NULL"
"720","トリカゴノ鳳凰","NULL","586","1057","1932","NULL","579","1138","1709","NULL","NULL","6","9","12","NULL","6","9","12","NULL"
"721","†渚の小悪魔ラヴリィ～レイディオ†(IIDX EDIT)","123","279","858","1835","NULL","278","973","2084","NULL","1","3","9","12","NULL","3","9","12","NULL"
"722","虹色の花","NULL","460","814","1142","NULL","446","878","1367","NULL","NULL","4","8","10","NULL","4","8","11","NULL"
"723","メイメツ、フラグメンツ","NULL","329","661","984","NULL","357","588","1059","NULL","NULL","4","8","10","NULL","4","7","11","NULL"
"724","ラキラキ","NULL","332","749","1001","NULL","343","758","1016","NULL","NULL","4","8","10","NULL","4","8","10","NULL"
"725","龍と少女とデコヒーレンス","NULL","427","863","1515","1713","440","893","1387","1722","NULL","5","8","11","12","5","9","11","12"
"726","Adularia","NULL","540","972","1449","NULL","524","946","1382","NULL","NULL","6","10","12","NULL","6","10","12","NULL"
"727","ALBA -黎明-","NULL","330","787","1631","NULL","398","820","1600","NULL","NULL","5","8","11","NULL","4","8","11","NULL"
"728","All is Wrecked","NULL","465","754","1289","NULL","451","768","1411","NULL","NULL","5","8","11","NULL","5","8","12","NULL"
"729","Ancient Scapes","NULL","602","1073","1780","2198","637","1254","1931","2285","NULL","6","10","12","12","6","10","12","12"
"730","BRAINSTORM","NULL","386","1032","1449","NULL","633","1204","1495","NULL","NULL","4","10","11","NULL","6","10","12","NULL"
"731","BRAVE OUT","NULL","528","773","1091","NULL","520","912","1264","NULL","NULL","5","8","10","NULL","5","9","11","NULL"
"732","Claiomh Solais","NULL","173","723","1052","NULL","265","843","1175","NULL","NULL","2","6","9","NULL","2","8","10","NULL"
"733","Cleopatrysm","NULL","416","753","1326","NULL","381","732","1199","NULL","NULL","4","8","11","NULL","4","9","11","NULL"
"734","Close the World feat.a☆ru","NULL","578","1075","1739","1983","433","912","1610","1851","NULL","5","10","12","12","5","9","12","12"
"735","Critical Crystal","112","565","946","1495","NULL","574","975","1429","NULL","NULL","6","8","11","NULL","6","9","11","NULL"
"736","DARK LEGACY","NULL","675","1077","1828","NULL","894","1127","1853","NULL","NULL","6","9","12","NULL","7","9","12","NULL"
"737","diagram","NULL","318","660","1461","NULL","400","636","1419","NULL","NULL","3","7","11","NULL","4","7","11","NULL"
"738","Elektrick U-Phoria","NULL","593","1004","1566","2050","654","1048","1763","2164","NULL","6","9","11","12","5","8","12","12"
"739","Element of SPADA","NULL","355","686","1047","1560","355","686","1217","1571","NULL","3","7","9","11","3","6","9","11"
"740","Engraved Mark","NULL","413","700","1222","NULL","430","713","1209","NULL","NULL","4","8","11","NULL","4","8","11","NULL"
"741","esrev:eR","NULL","395","693","968","NULL","565","862","1063","NULL","NULL","4","7","9","NULL","6","8","9","NULL"
"742","EXTREME MACH COLLIDER","NULL","527","763","1305","NULL","485","852","1007","NULL","NULL","5","8","11","NULL","5","9","10","NULL"
"743","Feel The Beat","NULL","689","1129","1830","2225","578","1049","1628","1879","NULL","7","10","12","12","6","9","11","12"
"744","Funny shuffle","NULL","309","590","1199","NULL","308","639","1312","NULL","NULL","3","6","11","NULL","4","7","11","NULL"
"745","Give Me Your Love","NULL","331","696","946","NULL","415","686","1027","NULL","NULL","4","7","9","NULL","4","7","10","NULL"
"746","HYENA","NULL","608","1026","1434","NULL","531","943","1433","NULL","NULL","6","9","11","NULL","5","8","11","NULL"
"747","Hypersonik","NULL","521","878","1272","NULL","544","897","1252","NULL","NULL","5","8","10","NULL","5","8","11","NULL"
"748","I will be back -オレは帰ってきた-","NULL","516","1012","1492","NULL","544","1086","1512","NULL","NULL","6","9","11","NULL","6","10","12","NULL"
"749","Immortal","NULL","483","902","1607","NULL","535","993","1592","NULL","NULL","5","9","12","NULL","6","10","12","NULL"
"750","Insane Techniques","NULL","378","672","1263","NULL","385","812","1251","NULL","NULL","4","7","11","NULL","4","8","10","NULL"
"751","INSOMNIA","NULL","407","938","1661","NULL","443","991","1722","NULL","NULL","4","8","12","NULL","4","8","12","NULL"
"752","invoker","NULL","569","1009","1624","1851","579","1242","1659","1773","NULL","5","9","12","12","6","10","12","12"
"753","KAISER PHOENIX","NULL","679","1194","1693","2026","687","1224","1473","2058","NULL","7","10","12","12","6","10","11","12"
"754","KHAMEN BREAK","NULL","298","723","1281","NULL","304","692","1154","NULL","NULL","3","7","11","NULL","3","8","10","NULL"
"755","LA FESTA LA VITA!!","NULL","443","915","1461","NULL","469","1069","1445","NULL","NULL","5","9","11","NULL","5","9","11","NULL"
"756","Last Dance","NULL","615","1040","1650","NULL","614","1137","1678","NULL","NULL","6","10","12","NULL","6","10","12","NULL"
"757","Lighting Shower","NULL","418","694","1220","NULL","383","686","1288","NULL","NULL","4","7","11","NULL","4","7","11","NULL"
"758","M.D.Injection","NULL","301","626","1231","1716","412","691","1259","1690","NULL","3","6","10","12","5","8","11","12"
"759","m1dy Deluxe","NULL","598","951","1342","NULL","627","931","1332","NULL","NULL","6","9","11","NULL","6","9","11","NULL"
"760","MAD ATTACK","NULL","348","683","991","1396","383","719","1136","1193","NULL","3","6","9","NULL","3","6","10","NULL"
"761","MAGIC & LOVE","NULL","517","942","1481","NULL","470","765","1628","NULL","NULL","5","9","11","NULL","4","8","11","NULL"
"762","Miracle 5ympho X","NULL","390","674","1325","NULL","446","978","1489","NULL","NULL","5","8","10","NULL","6","9","11","NULL"
"763","NEMESIS -gratitude remix- IIDX Edition","NULL","533","925","1364","NULL","531","1089","1337","NULL","NULL","6","9","11","NULL","6","10","11","NULL"
"764","NPC World","NULL","522","826","1155","NULL","496","970","1174","NULL","NULL","5","8","10","NULL","5","9","10","NULL"
"765","Odin","NULL","408","721","1039","NULL","438","709","1140","NULL","NULL","4","7","10","NULL","5","7","10","NULL"
"766","Overload Frontier","NULL","404","954","1336","NULL","522","1006","1249","NULL","NULL","5","8","11","NULL","6","9","11","NULL"
"767","Pharaoh","NULL","331","727","1242","NULL","338","634","794","NULL","NULL","3","8","11","NULL","3","8","9","NULL"
"768","PUNISHER","NULL","583","1081","1812","NULL","594","1107","1830","NULL","NULL","5","9","12","NULL","5","9","12","NULL"
"769","ra’am","NULL","653","1003","1461","NULL","722","1067","1500","NULL","NULL","8","10","12","NULL","7","10","12","NULL"
"770","rainbow guitar weeps","NULL","492","951","1406","NULL","610","998","1683","NULL","NULL","5","9","11","NULL","6","9","12","NULL"
"771","Recollection","NULL","597","883","1118","NULL","598","880","1104","NULL","NULL","5","7","9","NULL","6","7","8","NULL"
"772","refractive index","NULL","374","731","1360","NULL","405","761","1415","NULL","NULL","3","7","11","NULL","4","7","11","NULL"
"773","RISE","NULL","480","701","951","NULL","496","732","1038","NULL","NULL","5","8","10","NULL","5","8","10","NULL"
"774","RIZING YOU UP","NULL","537","1080","1295","NULL","780","1313","1680","NULL","NULL","6","9","10","NULL","8","10","12","NULL"
"775","SCHWARZSCHILD FIELD","NULL","472","840","1232","NULL","653","806","1143","NULL","NULL","6","9","11","NULL","7","9","11","NULL"
"776","Shattered control","NULL","350","781","1107","NULL","350","786","1156","NULL","NULL","4","8","10","NULL","4","8","10","NULL"
"777","Sigmund","NULL","806","1228","2029","2267","778","1341","2073","2255","NULL","7","10","12","12","7","10","12","12"
"778","Smug Face -どうだ、オレの生き様は- (ONLY ONE EDITION)","NULL","576","1025","1334","NULL","584","984","1362","NULL","NULL","6","9","11","NULL","6","9","11","NULL"
"779","Squeeze","NULL","432","745","1257","NULL","478","854","1250","NULL","NULL","5","8","11","NULL","5","8","11","NULL"
"780","Stella Sinistra","NULL","283","708","1279","NULL","436","732","1351","NULL","NULL","3","7","11","NULL","5","9","12","NULL"
"781","THE DETONATOR","NULL","836","1284","1636","NULL","985","1156","1570","NULL","NULL","7","10","11","NULL","8","9","10","NULL"
"782","Unicorn tail","NULL","438","1046","1605","NULL","438","1050","1833","NULL","NULL","5","9","11","NULL","5","9","12","NULL"
"783","Valgus","NULL","330","685","1206","NULL","348","734","1212","NULL","NULL","4","7","11","NULL","4","7","11","NULL"
"784","Verflucht","NULL","647","1081","1805","2401","643","1094","1949","2093","NULL","6","10","12","12","7","10","12","12"
"785","Votum stellarum -Hommarju Remix-","NULL","550","955","1384","NULL","543","980","1414","NULL","NULL","6","9","11","NULL","6","9","12","NULL"
"786","VOX UP","NULL","754","1473","1870","NULL","726","1437","1855","NULL","NULL","8","11","12","NULL","7","11","12","NULL"
"787","WOBBLE IMPACT","NULL","327","789","1253","NULL","348","893","1289","NULL","NULL","3","7","10","NULL","3","8","11","NULL"
"788","アルストロメリア","109","495","804","1254","NULL","482","852","1296","NULL","NULL","5","8","10","NULL","5","8","10","NULL"
"789","ÆTHER","NULL","514","833","1440","NULL","542","839","1385","NULL","NULL","5","8","11","NULL","5","8","11","NULL"
"790","御千手メディテーション","NULL","394","788","1170","NULL","424","787","1204","NULL","NULL","4","9","11","NULL","5","9","11","NULL"
"791","お願いアインシュタイン","NULL","457","753","1066","NULL","437","736","1041","NULL","NULL","5","8","10","NULL","5","8","10","NULL"
"792","疾風迅雷","NULL","592","1078","1493","1824","556","1154","1670","1764","NULL","6","10","12","12","6","10","12","12"
"793","死神自爆中二妹アイドルももかりん(1歳)","NULL","448","742","1472","NULL","477","790","1413","NULL","NULL","4","7","11","NULL","4","8","11","NULL"
"794","旋律のドグマ～Misérables～","NULL","629","1271","2002","NULL","691","1362","1974","NULL","NULL","6","10","12","NULL","6","10","12","NULL"
"795","超!!遠距離らぶ♡メ～ル","NULL","292","790","1352","NULL","363","879","1450","NULL","NULL","3","7","10","NULL","4","7","11","NULL"
"796","罪と罰","NULL","555","711","1096","NULL","672","896","1216","NULL","NULL","5","7","10","NULL","6","8","10","NULL"
"797","デッドボヲルdeホームラン","NULL","318","846","1417","NULL","388","989","1447","NULL","NULL","3","9","11","NULL","4","9","11","NULL"
"798","轟け！恋のビーンボール！！","NULL","541","1012","1834","NULL","596","1116","1774","NULL","NULL","6","10","12","NULL","6","10","12","NULL"
"799","IX","NULL","658","1247","2007","NULL","694","1382","2097","NULL","NULL","6","11","12","NULL","6","11","12","NULL"
"800","廿","NULL","485","890","1215","1731","485","938","1190","1782","NULL","5","8","10","12","5","8","10","12"
"801","牧神笛吹きて","NULL","377","721","1044","NULL","379","748","1026","NULL","NULL","4","8","11","NULL","4","8","11","NULL"
"802","マインド・ゲーム","NULL","467","840","1243","NULL","467","870","1256","NULL","NULL","4","8","11","NULL","5","8","10","NULL"
"803","野球の遊び方 そしてその歴史 ～決定版～","NULL","343","758","1159","NULL","449","851","1124","NULL","NULL","3","7","10","NULL","3","7","10","NULL"
"804","煉獄のエルフェリア","NULL","698","1222","2000","NULL","725","1265","1945","NULL","NULL","7","10","12","NULL","7","10","12","NULL"
"805","海神","NULL","585","1084","1629","NULL","607","1145","1557","NULL","NULL","7","10","12","NULL","7","10","12","NULL"
"806","AFRO KNUCKLE","NULL","496","917","1226","NULL","446","920","1320","NULL","NULL","5","8","11","NULL","5","9","11","NULL"
"807","Amnolys","NULL","442","876","1354","NULL","556","909","1254","NULL","NULL","5","9","11","NULL","6","9","11","NULL"
"808","Beat Radiance","NULL","505","826","1335","1809","420","716","1354","1887","NULL","5","8","10","12","5","8","10","12"
"809","Beyond The Earth","NULL","668","1102","1646","NULL","748","1214","1494","NULL","NULL","5","10","11","NULL","6","9","11","NULL"
"810","Blaze it UP!","NULL","493","964","1501","NULL","564","1069","1613","NULL","NULL","5","8","11","NULL","5","8","11","NULL"
"811","BLUE MIRAGE","NULL","596","1091","1606","NULL","596","1092","1509","NULL","NULL","5","10","12","NULL","5","9","11","NULL"
"812","Broken Sword","NULL","658","1054","1887","NULL","513","1123","1911","NULL","NULL","7","10","12","NULL","6","9","12","NULL"
"813","Chain of pain","NULL","396","789","1130","NULL","610","939","1301","NULL","NULL","4","8","10","NULL","7","9","11","NULL"
"814","chrono diver -fragment-","NULL","347","590","900","1134","322","633","896","1114","NULL","3","6","9","10","3","6","9","10"
"815","CHRONO DIVER -NORNIR-","NULL","592","1124","1568","2233","625","1128","1582","2477","NULL","5","9","11","12","5","9","11","12"
"816","Chrono Diver -PENDULUMs-","NULL","722","1422","2222","NULL","722","1422","2222","NULL","NULL","7","11","12","NULL","7","11","12","NULL"
"817","Chronos","NULL","443","717","1205","NULL","462","914","1356","NULL","NULL","5","8","11","NULL","5","9","11","NULL"
"818","cinder","NULL","432","1037","1601","NULL","573","1139","1762","NULL","NULL","5","9","12","NULL","5","9","12","NULL"
"819","COLOSSEUM","NULL","295","627","1159","NULL","353","684","1184","NULL","NULL","4","7","11","NULL","4","8","10","NULL"
"820","Cosmic Cat","NULL","476","892","1166","1651","544","815","1147","1747","NULL","6","9","11","12","6","8","10","12"
"821","Despair of ELFERIA","NULL","642","1248","2096","NULL","723","1328","2155","NULL","NULL","7","10","12","NULL","7","10","12","NULL"
"822","Discloze","NULL","498","872","1365","NULL","497","966","1437","NULL","NULL","6","9","11","NULL","6","9","11","NULL"
"823","EBONY & IVORY","NULL","557","890","1520","1887","594","900","1575","1878","NULL","6","9","12","12","6","9","12","12"
"824","entelecheia","NULL","528","1106","1657","NULL","589","1094","1778","NULL","NULL","6","10","12","NULL","7","10","12","NULL"
"825","Erosion Mark","NULL","407","788","1096","NULL","433","798","1186","NULL","NULL","4","8","11","NULL","4","8","11","NULL"
"826","fallen leaves -IIDX edition-","NULL","603","1085","1745","NULL","629","967","1832","NULL","NULL","6","10","12","NULL","6","9","12","NULL"
"827","FANTASTIC THREE","NULL","698","1166","1649","NULL","682","1125","1794","NULL","NULL","7","10","12","NULL","7","10","12","NULL"
"828","Flashes","NULL","489","931","1691","NULL","596","1009","2090","NULL","NULL","6","9","12","NULL","6","9","12","NULL"
"829","Gravigazer","NULL","495","966","1533","NULL","511","912","1524","NULL","NULL","5","10","12","NULL","5","9","12","NULL"
"830","GUILTY","NULL","509","798","966","1525","521","837","1087","1424","NULL","5","8","10","NULL","5","9","11","NULL"
"831","Hello Happiness","NULL","461","871","1198","NULL","421","715","1134","NULL","NULL","5","9","11","NULL","5","8","11","NULL"
"832","Hollywood Galaxy(DJ NAGAI Remix)","NULL","585","1234","1778","NULL","607","1254","1694","NULL","NULL","6","10","12","NULL","6","10","12","NULL"
"833","illuminate","NULL","316","817","1172","NULL","297","832","1250","NULL","NULL","3","8","10","NULL","3","9","11","NULL"
"834","IMPLANTATION","NULL","335","885","1163","NULL","502","807","1153","NULL","NULL","5","10","12","NULL","5","9","11","NULL"
"835","In The Breeze","NULL","336","601","896","NULL","416","630","996","NULL","NULL","4","7","9","NULL","5","8","10","NULL"
"836","Invitation from Mr.C","NULL","594","810","1405","NULL","637","833","1399","NULL","NULL","6","9","12","NULL","7","9","12","NULL"
"837","IXION","NULL","569","913","1086","NULL","621","911","1187","NULL","NULL","5","8","9","NULL","5","8","11","NULL"
"838","Light My Fire","NULL","390","682","1060","NULL","444","686","1007","NULL","NULL","4","7","10","NULL","5","7","10","NULL"
"839","Line 4 Ruin","NULL","363","913","1402","NULL","612","827","1286","NULL","NULL","4","9","11","NULL","6","9","11","NULL"
"840","Ludus In Tenebris","NULL","492","1118","1809","NULL","509","1086","1797","NULL","NULL","5","10","12","NULL","6","9","12","NULL"
"841","m1dy Festival","NULL","509","853","1289","NULL","531","838","1194","NULL","NULL","5","8","11","NULL","5","8","10","NULL"
"842","Monopole.","NULL","403","867","1729","NULL","433","982","1362","NULL","NULL","4","8","12","NULL","5","8","11","NULL"
"843","NEO GENERATOR SEVEN","NULL","469","974","1690","NULL","630","1129","1524","NULL","NULL","5","9","12","NULL","6","10","11","NULL"
"844","Night sky","NULL","599","972","1491","NULL","600","968","1672","NULL","NULL","6","9","11","NULL","6","9","12","NULL"
"845","No Tears","NULL","609","1082","1286","NULL","639","1028","1216","NULL","NULL","6","9","11","NULL","6","9","10","NULL"
"846","PENDUAL TALISMAN","NULL","524","820","1314","NULL","446","992","1340","NULL","NULL","5","8","11","NULL","4","8","10","NULL"
"847","Rave*it!! Rave*it!!","NULL","517","863","1656","NULL","497","824","1433","NULL","NULL","6","9","12","NULL","6","9","12","NULL"
"848","Realize Maze","NULL","642","1054","1503","NULL","677","1152","1539","NULL","NULL","6","9","11","NULL","6","9","11","NULL"
"849","Reflux","NULL","402","822","1574","1660","467","912","1693","1936","NULL","5","9","12","12","6","9","12","12"
"850","Sakura Mirage","NULL","520","710","1190","NULL","520","731","1156","NULL","NULL","6","8","11","NULL","6","8","10","NULL"
"851","SAMSARA","NULL","432","731","1031","NULL","408","786","1087","NULL","NULL","4","7","10","NULL","4","7","10","NULL"
"852","Say YEEEAHH","NULL","610","952","1677","NULL","645","1219","1723","NULL","NULL","6","9","12","NULL","6","10","12","NULL"
"853","Scarlet Moon","NULL","542","998","1389","NULL","555","989","1438","NULL","NULL","6","9","11","NULL","6","9","11","NULL"
"854","Scars of FAUNA","NULL","435","871","1475","NULL","436","816","1424","NULL","NULL","5","8","11","NULL","5","8","11","NULL"
"855","Shooting Fireball","NULL","486","1181","1983","NULL","508","1148","1842","NULL","NULL","6","10","12","NULL","6","10","12","NULL"
"856","Sounds Of Summer","NULL","640","1080","1513","NULL","617","1006","1599","NULL","NULL","6","10","12","NULL","6","9","12","NULL"
"857","SpaceLand☆TOYBOX","NULL","552","900","1501","NULL","585","951","1528","NULL","NULL","6","9","12","NULL","6","9","12","NULL"
"858","subtractive","NULL","458","695","1059","NULL","409","721","1052","NULL","NULL","4","7","10","NULL","4","7","10","NULL"
"859","Sweet Radar","NULL","338","689","1020","NULL","345","586","1000","NULL","NULL","4","7","10","NULL","4","6","10","NULL"
"860","Symmetry","NULL","586","1082","1659","NULL","535","1118","1681","NULL","NULL","6","10","12","NULL","6","9","11","NULL"
"861","The Least 100sec","NULL","414","762","1505","NULL","496","774","1369","NULL","NULL","5","9","12","NULL","6","9","12","NULL"
"862","TIEFSEE","NULL","653","1096","1752","NULL","630","1099","1767","NULL","NULL","6","9","12","NULL","6","9","12","NULL"
"863","TOXIC VIBRATION","NULL","831","1248","1933","NULL","872","1376","2134","NULL","NULL","7","10","12","NULL","7","10","12","NULL"
"864","Vulkan","NULL","527","1030","1518","NULL","582","1120","1618","NULL","NULL","5","9","11","NULL","5","9","11","NULL"
"865","We’re so Happy (P*Light Remix) IIDX ver.","NULL","600","1187","1896","NULL","598","1197","1716","NULL","NULL","6","10","12","NULL","6","10","12","NULL"
"866","ZZ","NULL","667","1042","1541","NULL","665","1019","1647","NULL","NULL","6","10","12","NULL","6","10","12","NULL"
"867","妖隠し -あやかしかくし-","NULL","489","803","1103","NULL","535","822","1380","NULL","NULL","5","9","10","NULL","6","8","11","NULL"
"868","十六夜セツナ","NULL","521","823","1132","NULL","662","917","1235","NULL","NULL","5","7","10","NULL","6","8","10","NULL"
"869","鬼天","NULL","519","889","1265","NULL","576","960","1467","NULL","NULL","6","9","11","NULL","6","10","12","NULL"
"870","共鳴遊戯の華","NULL","669","1296","2000","NULL","654","1395","2054","NULL","NULL","7","10","12","NULL","7","10","12","NULL"
"871","恋は白帯、サンシロー","NULL","377","664","1021","1395","409","635","955","1494","NULL","3","6","9","11","4","6","9","11"
"872","#The_Relentless","NULL","611","1028","1479","NULL","592","929","1626","NULL","NULL","6","9","11","NULL","5","9","11","NULL"
"873","少年は空を辿る","NULL","644","1081","1729","NULL","644","1092","1908","NULL","NULL","6","10","12","NULL","7","10","12","NULL"
"874","白露の風","NULL","240","639","1018","NULL","223","555","951","NULL","NULL","2","6","9","NULL","2","6","9","NULL"
"875","時空トラベローグ","NULL","571","983","1395","NULL","546","975","1313","NULL","NULL","6","9","11","NULL","6","9","11","NULL"
"876","千年ノ理","NULL","602","1008","1608","2183","680","931","1774","2190","NULL","6","9","12","12","6","9","12","12"
"877","全力 SPECIAL VACATION!! ～限りある休日～","NULL","570","846","1142","NULL","577","849","1351","NULL","NULL","6","8","11","NULL","6","8","11","NULL"
"878","それは花火のような恋","354","649","1321","1976","NULL","664","1261","1930","NULL","NULL","6","10","12","NULL","7","10","12","NULL"
"879","打打打打打打打打打打","100","419","701","1342","NULL","479","770","1301","NULL","NULL","5","8","11","NULL","5","9","11","NULL"
"880","超青少年ノ為ノ超多幸ナ超古典的超舞曲","NULL","531","1028","1350","2110","529","973","1651","2257","NULL","6","9","11","12","6","8","12","12"
"881","Ｘ↑Ｘ↓","NULL","477","907","1485","NULL","559","1035","1658","NULL","NULL","5","8","11","NULL","5","9","12","NULL"
"882","デンドロビウム","NULL","381","867","1205","NULL","423","860","1201","NULL","NULL","4","8","10","NULL","5","8","10","NULL"
"883","取り残された美術(Arranged:HiZuMi)","126","495","882","1111","NULL","393","745","1158","NULL","NULL","5","8","10","NULL","5","8","10","NULL"
"884","とろぴかる倶楽部","NULL","432","755","1154","NULL","559","890","1149","NULL","NULL","5","8","11","NULL","6","9","11","NULL"
"885","ドッキン☆サマーあばんちゅーる","NULL","531","907","1447","NULL","517","975","1452","NULL","NULL","5","8","11","NULL","6","9","11","NULL"
"886","夏色DIARY - L.E.D.-G STYLE MIX -","NULL","505","1031","1590","NULL","495","1135","1377","NULL","NULL","6","10","12","NULL","6","10","12","NULL"
"887","パ→ピ→プ→Yeah!","190","527","814","1280","NULL","503","923","1348","NULL","NULL","6","9","11","NULL","6","9","11","NULL"
"888","表裏一体！？怪盗いいんちょの悩み♥","NULL","580","1127","1815","NULL","716","1322","2122","NULL","NULL","6","10","12","NULL","6","10","12","NULL"
"889","ぷろぐれっしぶ時空少女！うらしまたろ子ちゃん！","NULL","453","756","1285","NULL","386","728","1243","NULL","NULL","5","7","11","NULL","4","7","10","NULL"
"890","ベィスドロップ・フリークス","NULL","323","651","1143","1275","424","626","1220","1252","NULL","4","7","10","11","4","7","11","11"
"891","紅牡丹","249","544","929","1445","NULL","599","930","1291","NULL","NULL","6","9","12","NULL","6","9","11","NULL"
"892","もっと！モット！ときめき feat. 松下","NULL","707","1061","1424","NULL","573","945","1266","NULL","NULL","6","9","11","NULL","6","9","11","NULL"
"893","リリーゼと炎龍レーヴァテイン","NULL","504","1186","1771","NULL","566","1264","1848","NULL","NULL","6","10","12","NULL","6","10","12","NULL"
"894","Acid Pumper","NULL","348","812","1267","NULL","392","850","1221","NULL","NULL","4","9","11","NULL","5","9","11","NULL"
"895","Angelic Jelly","NULL","579","1058","1419","NULL","592","1019","1447","NULL","NULL","6","9","11","NULL","6","9","11","NULL"
"896","AO-1","NULL","643","999","1443","NULL","671","1087","1456","NULL","NULL","7","10","12","NULL","7","10","12","NULL"
"897","Arcana","NULL","613","893","1150","NULL","605","913","1172","NULL","NULL","6","8","10","NULL","6","8","10","NULL"
"898","Aublia","NULL","495","785","1299","NULL","513","836","1262","NULL","NULL","5","8","11","NULL","5","8","11","NULL"
"899","Battle Train -IIDX Edition-","NULL","454","1302","1687","NULL","714","1218","1949","NULL","NULL","4","10","11","NULL","6","9","12","NULL"
"900","Blue Spring Express","NULL","664","1087","1728","NULL","585","1013","1602","NULL","NULL","7","10","12","NULL","6","10","12","NULL"
"901","Central Station","NULL","527","803","1223","NULL","467","806","1285","NULL","NULL","5","8","10","NULL","4","8","10","NULL"
"902","chaos eater -IIDX edition-","NULL","604","887","1328","NULL","683","905","1442","NULL","NULL","5","9","11","NULL","7","9","12","NULL"
"903","CODE:1 [revision1.0.1]","NULL","497","887","1590","NULL","476","887","1685","NULL","NULL","5","9","12","NULL","5","9","12","NULL"
"904","Daily Lunch Special","NULL","549","1098","1494","NULL","554","1102","1622","NULL","NULL","6","9","11","NULL","6","9","11","NULL"
"905","Damage Per Second","NULL","447","718","1026","1153","415","705","1056","1238","NULL","4","7","9","10","4","7","10","11"
"906","Devil’s Gear","NULL","548","1152","1793","NULL","573","1163","1782","NULL","NULL","6","10","12","NULL","6","10","12","NULL"
"907","DIAMOND CROSSING","NULL","509","917","1585","NULL","688","979","1681","NULL","NULL","7","10","12","NULL","7","10","12","NULL"
"908","do the thing feat. Kanae Asaba","NULL","321","777","1171","NULL","323","741","1251","NULL","NULL","3","8","10","NULL","3","8","10","NULL"
"909","Donkey Donk","NULL","611","892","1150","NULL","560","976","1154","NULL","NULL","6","9","10","NULL","6","9","11","NULL"
"910","Dreamin Train","NULL","299","562","1186","NULL","299","543","1183","NULL","NULL","4","6","10","NULL","3","6","10","NULL"
"911","Dynamite","NULL","611","1246","1953","NULL","775","1194","2084","NULL","NULL","7","10","12","NULL","8","10","12","NULL"
"912","Everlasting Last","NULL","427","836","1124","NULL","555","809","1237","NULL","NULL","4","8","10","NULL","5","8","10","NULL"
"913","Exchange Place","NULL","388","646","903","NULL","408","629","907","NULL","NULL","4","7","9","NULL","4","7","9","NULL"
"914","GENERATE feat.綾倉盟","NULL","573","892","1182","NULL","566","941","1234","NULL","NULL","5","8","10","NULL","5","8","10","NULL"
"915","GET READY!!","NULL","543","840","1365","NULL","552","818","1510","NULL","NULL","6","9","11","NULL","6","9","12","NULL"
"916","Go Faraway","NULL","520","766","1259","NULL","571","931","1363","NULL","NULL","5","7","10","NULL","5","9","11","NULL"
"917","Godspeed","NULL","545","1002","1631","NULL","701","1112","1707","NULL","NULL","7","10","12","NULL","7","10","12","NULL"
"918","Grand Chariot","NULL","588","989","1775","NULL","620","1035","1866","NULL","NULL","7","10","12","NULL","7","10","12","NULL"
"919","Highcharge Divolt","NULL","456","889","1421","NULL","527","863","1431","NULL","NULL","6","10","12","NULL","6","10","12","NULL"
"920","Inner Spirit","NULL","446","985","1458","NULL","473","989","1550","NULL","NULL","5","9","11","NULL","5","8","11","NULL"
"921","Journey","NULL","351","639","950","1585","353","728","1010","1556","NULL","3","6","9","11","4","7","9","11"
"922","La dolce primavera","NULL","360","707","1098","NULL","367","753","1291","NULL","NULL","4","8","10","NULL","5","8","11","NULL"
"923","m1dy Dynamic","NULL","540","724","1179","NULL","492","940","1183","NULL","NULL","6","9","11","NULL","6","9","11","NULL"
"924","M4K3 1T B0UNC3","NULL","713","1082","1546","NULL","675","1062","1521","NULL","NULL","7","10","12","NULL","7","10","12","NULL"
"925","Musik LoverZ","NULL","539","722","1268","NULL","538","709","1155","NULL","NULL","5","7","10","NULL","5","7","10","NULL"
"926","NANAIRO","NULL","536","935","1308","NULL","485","1000","1271","NULL","NULL","5","9","10","NULL","5","9","10","NULL"
"927","Nightmare before oversleep","NULL","605","988","1500","NULL","665","975","1580","NULL","NULL","7","10","12","NULL","7","10","12","NULL"
"928","NO LIMIT -オレ達に限界は無い-","NULL","420","631","1148","NULL","393","623","1017","NULL","NULL","4","6","10","NULL","4","6","10","NULL"
"929","Nowhere","NULL","441","759","1100","NULL","488","818","1182","NULL","NULL","4","8","10","NULL","5","9","11","NULL"
"930","NZM","NULL","547","831","1783","NULL","550","1065","1782","NULL","NULL","6","9","12","NULL","6","10","12","NULL"
"931","On the FM","NULL","573","821","1419","NULL","627","814","1249","NULL","NULL","6","8","11","NULL","6","8","11","NULL"
"932","Outbreak","NULL","675","933","1523","NULL","658","914","1548","NULL","NULL","6","9","11","NULL","6","9","11","NULL"
"933","OUTER LIMITS ALTERNATIVE","NULL","600","885","1363","NULL","569","863","1431","NULL","NULL","5","8","10","NULL","5","8","11","NULL"
"934","POSSESSION","272","701","1105","1521","NULL","708","1167","1711","NULL","NULL","7","10","12","NULL","7","10","12","NULL"
"935","quick master (reform version)","NULL","80","178","264","NULL","128","225","312","NULL","NULL","1","3","5","NULL","1","5","6","NULL"
"936","refrain","NULL","622","1208","1857","NULL","633","1094","1856","NULL","NULL","6","10","12","NULL","6","10","12","NULL"
"937","Ride To The Core","NULL","576","908","1309","NULL","543","855","1388","NULL","NULL","5","9","11","NULL","5","9","11","NULL"
"938","Rock It","NULL","590","859","1500","NULL","569","931","1556","NULL","NULL","5","8","11","NULL","5","9","11","NULL"
"939","Routing","NULL","482","860","1323","NULL","575","918","1285","NULL","NULL","6","9","11","NULL","7","9","11","NULL"
"940","SEITEN NO TERIYAKI","NULL","374","661","1163","1722","375","624","1128","1720","NULL","4","7","11","12","4","7","11","12"
"941","Sephirot","NULL","485","848","1193","NULL","483","842","1161","NULL","NULL","5","8","10","NULL","5","8","10","NULL"
"942","SHELTER OF THE MIND","NULL","722","1020","1538","NULL","645","1037","1484","NULL","NULL","6","9","11","NULL","6","9","11","NULL"
"943","STARLiGHT","NULL","482","944","1413","NULL","535","954","1481","NULL","NULL","5","9","11","NULL","5","9","11","NULL"
"944","STARLIGHT DANCEHALL","NULL","648","939","1342","1712","705","1007","1435","1814","NULL","6","9","11","12","7","9","11","12"
"945","StrayedCatz","NULL","557","1052","1490","NULL","515","831","1376","NULL","NULL","6","10","12","NULL","6","9","12","NULL"
"946","Super Duper Racers","NULL","480","821","1199","NULL","499","830","1200","NULL","NULL","4","8","10","NULL","5","8","10","NULL"
"947","SURVIVOR","NULL","363","658","1014","NULL","494","703","1135","NULL","NULL","4","7","9","NULL","5","7","10","NULL"
"948","Tori-no-kimochi","NULL","133","662","1030","NULL","310","730","1030","NULL","NULL","1","6","10","NULL","3","7","11","NULL"
"949","To The Paradise","NULL","342","781","1095","NULL","327","744","1106","NULL","NULL","3","7","9","NULL","3","7","9","NULL"
"950","Transport","NULL","522","771","1091","NULL","481","776","1049","NULL","NULL","5","7","10","NULL","5","7","10","NULL"
"951","Triple Counter","NULL","716","1145","2016","NULL","711","1193","1997","NULL","NULL","7","10","12","NULL","7","10","12","NULL"
"952","Uh-Oh","NULL","568","891","1228","NULL","580","808","1182","NULL","NULL","5","8","11","NULL","5","8","10","NULL"
"953","Welcome","NULL","440","919","1357","1701","727","967","1326","1762","NULL","4","10","11","12","7","9","11","12"
"954","Wheel of Journey","NULL","306","695","1072","NULL","306","691","1062","NULL","NULL","3","8","10","NULL","3","8","10","NULL"
"955","X","NULL","811","1277","1952","NULL","802","1377","2086","NULL","NULL","7","10","12","NULL","7","10","12","NULL"
"956","ZEPHYRANTHES","NULL","514","943","1499","1982","510","983","1599","1985","NULL","5","9","11","12","5","9","11","12"
"957","199024club -Re:BounceKiller-","NULL","360","873","1260","NULL","370","853","1210","NULL","NULL","5","10","12","NULL","5","10","12","NULL"
"958","朝焼けから始まるボクらの小さな旅","NULL","490","882","1298","NULL","478","858","1369","NULL","NULL","5","9","11","NULL","5","9","11","NULL"
"959","紫陽花 -AZISAI-","NULL","655","1094","1490","NULL","675","1118","1496","NULL","NULL","7","10","12","NULL","7","10","12","NULL"
"960","麗 ～うらら～","NULL","577","903","1329","NULL","603","1006","1363","NULL","NULL","5","9","11","NULL","6","10","11","NULL"
"961","駅猫のワルツ","NULL","601","1174","1558","NULL","515","1147","1635","NULL","NULL","6","10","12","NULL","6","10","12","NULL"
"962","オルタネイトβ","NULL","424","725","1137","NULL","388","701","1331","NULL","NULL","4","7","10","NULL","4","7","10","NULL"
"963","か・し・ま・し☆PUMP UP！","NULL","607","966","1453","NULL","607","941","1501","NULL","NULL","6","9","11","NULL","6","9","11","NULL"
"964","ギョギョっと人魚♨爆婚ブライダル","NULL","418","743","1209","NULL","428","805","1164","NULL","NULL","4","8","10","NULL","4","8","10","NULL"
"965","炸裂！イェーガー電光チョップ！！(JAEGER FINAL ATTACK)","NULL","702","1077","1312","NULL","774","1216","1701","NULL","NULL","6","9","11","NULL","7","10","12","NULL"
"966","灼熱 Pt.2 Long Train Running","316","675","1093","1804","NULL","664","1031","1732","NULL","NULL","7","11","12","NULL","7","11","12","NULL"
"967","シュッパツシンコウ・シサカンコ","NULL","568","904","1234","NULL","558","878","1365","NULL","NULL","5","8","10","NULL","5","8","10","NULL"
"968","少女アリスと箱庭幻想コンチェルト","NULL","390","761","1095","NULL","440","819","1259","NULL","NULL","5","8","10","NULL","5","9","11","NULL"
"969","真 地獄超特急 -HELL or HELL-","NULL","737","1123","1727","NULL","769","1175","1773","NULL","NULL","7","10","12","NULL","7","11","12","NULL"
"970","セロトニン","NULL","677","947","1194","NULL","676","948","1231","NULL","NULL","6","9","11","NULL","6","9","11","NULL"
"971","太陽SUNSUNボンジュールアバンチュール","NULL","523","899","1402","NULL","514","975","1247","NULL","NULL","6","8","11","NULL","6","9","11","NULL"
"972","追想快晴テーマパーク","NULL","615","1077","1589","NULL","638","1110","1573","NULL","NULL","6","10","11","NULL","6","10","11","NULL"
"973","星屑ディスタンシア","NULL","353","619","1073","NULL","347","624","1000","NULL","NULL","4","6","10","NULL","4","6","10","NULL"
"974","明鏡止水","NULL","438","976","1443","NULL","416","862","1346","NULL","NULL","5","9","11","NULL","5","9","11","NULL"
"975","めいさいアイドル☆あいむちゃん♪","NULL","777","1202","1717","NULL","696","1248","1837","NULL","NULL","7","10","12","NULL","7","10","12","NULL"
"976","量子の海のリントヴルム","NULL","468","919","1508","NULL","469","940","1407","NULL","NULL","6","9","11","NULL","6","10","11","NULL"
"977","Affection","NULL","305","610","1054","NULL","304","634","1163","NULL","NULL","3","6","10","NULL","3","6","10","NULL"
"978","Amazing Mirage","189","458","894","1343","1684","459","931","1413","1671","NULL","5","9","11","12","5","9","11","12"
"979","Apocalypse","NULL","580","1096","1814","NULL","580","1081","1953","NULL","NULL","5","9","12","NULL","5","9","12","NULL"
"980","AsiaN distractive","NULL","606","911","1337","NULL","617","922","1385","NULL","NULL","5","8","11","NULL","6","9","11","NULL"
"981","Be A Star","NULL","487","925","1413","NULL","518","897","1334","NULL","NULL","4","9","11","NULL","5","8","11","NULL"
"982","Beat Juggling Mix","NULL","531","837","1138","1363","533","859","1171","1406","NULL","6","9","11","12","6","9","11","12"
"983","Believe in you","NULL","604","955","1226","NULL","582","924","1251","NULL","NULL","5","8","10","NULL","6","8","10","NULL"
"984","Beyond The Seven","NULL","373","671","1375","NULL","472","733","1387","NULL","NULL","4","7","11","NULL","4","8","11","NULL"
"985","BREAK OVER","NULL","462","785","1210","NULL","452","712","1193","NULL","NULL","5","9","11","NULL","5","8","11","NULL"
"986","BroGamer","NULL","699","1099","1568","2383","667","1098","1575","2342","NULL","7","9","11","12","7","9","11","12"
"987","Caterpillar","NULL","617","1129","1561","NULL","626","1064","1681","NULL","NULL","6","10","12","NULL","6","10","12","NULL"
"988","crew","NULL","317","885","1480","NULL","340","946","1574","NULL","NULL","3","8","11","NULL","4","9","11","NULL"
"989","Cyber True Color","NULL","504","863","1207","NULL","481","831","1216","NULL","NULL","5","9","11","NULL","5","9","11","NULL"
"990","DISAPPEAR feat. koyomin","NULL","372","954","1497","NULL","374","935","1645","NULL","NULL","4","9","11","NULL","4","10","12","NULL"
"991","DORNWALD ～Junge～","NULL","655","1163","1903","NULL","684","1230","1871","NULL","NULL","6","10","12","NULL","7","10","12","NULL"
"992","ECHIDNA","NULL","665","1111","1775","NULL","642","1084","1822","NULL","NULL","6","10","12","NULL","7","10","12","NULL"
"993","Egret and Willow","NULL","527","848","1383","NULL","533","847","1286","NULL","NULL","6","8","11","NULL","6","8","11","NULL"
"994","elemental bender feat. Kanae Asaba","NULL","326","606","826","NULL","319","609","846","NULL","NULL","3","6","8","NULL","3","6","8","NULL"
"995","FUZIN RIZIN","NULL","609","1008","1929","NULL","650","944","1931","NULL","NULL","5","9","12","NULL","6","9","12","NULL"
"996","Go Ahead!!","NULL","521","810","1413","NULL","498","792","1403","NULL","NULL","7","10","12","NULL","7","10","12","NULL"
"997","GuNGNiR","NULL","684","1397","2081","2443","681","1420","2175","2428","NULL","7","11","12","12","7","10","12","12"
"998","HADES","197","500","950","1601","NULL","475","964","1564","NULL","NULL","5","9","12","NULL","5","9","12","NULL"
"999","Honey Trap","NULL","422","822","1284","NULL","435","822","1286","NULL","NULL","5","8","11","NULL","5","8","11","NULL"
"1000","INVISIBLE STRIX","NULL","601","1074","1331","NULL","600","1081","1383","NULL","NULL","6","10","11","NULL","7","10","11","NULL"
"1001","Lost wing at.0","NULL","475","752","1261","NULL","418","709","1297","NULL","NULL","5","8","11","NULL","4","8","11","NULL"
"1002","Macuilxochitl","267","752","1147","1677","NULL","768","1042","1546","NULL","NULL","7","10","11","NULL","7","10","11","NULL"
"1003","Magical","NULL","410","601","1011","NULL","410","635","1028","NULL","NULL","4","6","10","NULL","4","6","10","NULL"
"1004","Mare Nectaris","NULL","746","1116","2094","NULL","746","1081","1862","NULL","NULL","7","11","12","NULL","7","10","12","NULL"
"1005","Modular Technology","NULL","638","1006","1372","NULL","631","973","1365","NULL","NULL","6","10","11","NULL","6","10","11","NULL"
"1006","Music is The Answer","NULL","403","726","977","NULL","402","766","1062","NULL","NULL","4","8","10","NULL","4","8","10","NULL"
"1007","nostos","NULL","471","722","1359","NULL","486","814","1324","NULL","NULL","5","8","11","NULL","5","9","11","NULL"
"1008","OOO","NULL","349","737","1034","NULL","373","714","1044","NULL","NULL","3","7","10","NULL","3","7","10","NULL"
"1009","OTENAMI Hurricane","NULL","670","1135","1643","NULL","654","1133","1743","NULL","NULL","6","10","12","NULL","6","10","12","NULL"
"1010","PAPAYAPA BASS","NULL","397","788","1428","NULL","485","802","1362","NULL","NULL","5","8","11","NULL","5","8","11","NULL"
"1011","Quakes","NULL","577","1080","1654","NULL","559","1066","1613","NULL","NULL","6","10","12","NULL","7","10","12","NULL"
"1012","RAIN","NULL","588","928","1657","NULL","603","1038","1755","NULL","NULL","6","9","12","NULL","6","10","12","NULL"
"1013","Rave Cannon","NULL","538","946","1700","NULL","546","975","1597","NULL","NULL","5","9","12","NULL","5","9","12","NULL"
"1014","RISING FIRE HAWK","NULL","440","768","1372","NULL","439","854","1359","NULL","NULL","5","8","11","NULL","5","8","11","NULL"
"1015","ROTTERDAM SHOGUN","NULL","574","930","1299","NULL","562","919","1411","NULL","NULL","6","9","11","NULL","6","9","11","NULL"
"1016","SAMURAI-Scramble","NULL","511","865","1232","1576","559","957","1299","1572","NULL","5","9","11","12","6","9","11","12"
"1017","Sarutobi Champion is 拙者","NULL","503","809","1153","NULL","525","817","1425","NULL","NULL","6","9","11","NULL","6","9","11","NULL"
"1018","SAY BAY","NULL","429","771","1455","NULL","480","796","1420","NULL","NULL","5","8","12","NULL","5","9","11","NULL"
"1019","Seaside Labyrinth","NULL","332","667","953","NULL","330","620","972","NULL","NULL","4","7","9","NULL","4","6","9","NULL"
"1020","Seize the Day","NULL","389","696","1100","NULL","393","940","1225","NULL","NULL","5","8","10","NULL","5","9","11","NULL"
"1021","Selfish Sweet","NULL","327","493","877","NULL","323","496","905","NULL","NULL","3","5","9","NULL","3","6","9","NULL"
"1022","SEQUENCE CAT","NULL","551","1128","1446","NULL","640","1333","1985","NULL","NULL","5","10","11","NULL","6","10","12","NULL"
"1023","Shoot’Em All","NULL","404","748","1264","NULL","318","855","1416","NULL","NULL","3","7","11","NULL","3","8","12","NULL"
"1024","shuriken","NULL","396","573","1298","NULL","387","660","1321","NULL","NULL","4","6","10","NULL","4","8","11","NULL"
"1025","SINOBUZ Fantasy","NULL","522","867","1228","NULL","523","904","1206","NULL","NULL","6","9","10","NULL","6","9","10","NULL"
"1026","Sky High","222","603","1205","1943","NULL","589","1192","1918","NULL","NULL","6","10","12","NULL","6","10","12","NULL"
"1027","Snakey Kung-fu","NULL","563","1110","1751","NULL","539","1122","1799","NULL","NULL","6","10","12","NULL","6","10","12","NULL"
"1028","Steel Edge","NULL","466","759","1604","NULL","487","938","1392","NULL","NULL","5","8","12","NULL","5","9","11","NULL"
"1029","Super Rush","NULL","523","953","1791","NULL","574","1007","1719","NULL","NULL","6","9","12","NULL","6","9","12","NULL"
"1030","Surf on the Light","NULL","399","760","1154","NULL","412","880","1198","NULL","NULL","4","8","10","NULL","4","8","10","NULL"
"1031","The Commanders","NULL","486","764","1227","NULL","485","803","1282","NULL","NULL","5","8","10","NULL","5","8","11","NULL"
"1032","(This Is Not) The Angels","NULL","309","739","1364","NULL","372","776","1304","NULL","NULL","4","8","11","NULL","5","8","11","NULL"
"1033","TOGAKUSHI","NULL","526","987","1343","NULL","493","920","1333","NULL","NULL","5","10","12","NULL","5","10","12","NULL"
"1034","Umbral","NULL","311","720","966","NULL","314","675","1032","NULL","NULL","3","7","10","NULL","3","7","10","NULL"
"1035","Venom","NULL","656","1110","1624","NULL","641","1106","1451","NULL","NULL","6","10","12","NULL","7","10","11","NULL"
"1036","Warrior","NULL","517","914","1257","NULL","512","880","1251","NULL","NULL","5","8","10","NULL","5","9","10","NULL"
"1037","XINOBIKILL","NULL","506","910","1475","NULL","558","1074","1566","NULL","NULL","6","9","11","NULL","5","9","11","NULL"
"1038","Yellow Sketch(RX-Ver.S.P.L.)","NULL","389","943","1479","NULL","389","1010","1545","NULL","NULL","4","9","11","NULL","4","9","11","NULL"
"1039","イザナミノナゲキ","NULL","605","1007","1661","NULL","637","962","1769","NULL","NULL","6","9","12","NULL","6","9","12","NULL"
"1040","焔極OVERKILL","NULL","598","1118","1901","NULL","672","1252","1984","NULL","NULL","6","10","12","NULL","7","10","12","NULL"
"1041","お命ちょうDAI！901娘","NULL","490","810","1177","NULL","452","812","1264","NULL","NULL","5","8","10","NULL","5","8","10","NULL"
"1042","禍根","NULL","411","704","1336","NULL","427","753","1219","NULL","NULL","5","9","11","NULL","5","9","11","NULL"
"1043","鴉","NULL","763","1136","1356","NULL","741","1130","1346","NULL","NULL","7","10","11","NULL","7","10","11","NULL"
"1044","九尾狐夜行","NULL","438","912","1521","NULL","456","948","1530","NULL","NULL","5","9","12","NULL","5","9","12","NULL"
"1045","恋はどう？モロ◎波動OK☆方程式!!","NULL","518","805","1246","NULL","513","775","1028","NULL","NULL","5","8","10","NULL","5","8","10","NULL"
"1046","獅子霞麗ノ舞","NULL","252","550","873","NULL","250","526","938","NULL","NULL","4","6","9","NULL","3","6","9","NULL"
"1047","忍恋花","NULL","515","867","1141","NULL","508","856","1330","NULL","NULL","5","9","11","NULL","5","9","11","NULL"
"1048","〆","NULL","657","1194","1877","NULL","665","1198","1933","NULL","NULL","6","9","12","NULL","6","10","12","NULL"
"1049","次葉 -turn the page-","NULL","427","716","1003","NULL","427","693","1073","NULL","NULL","4","8","10","NULL","4","8","10","NULL"
"1050","ちらちら・はらはら","NULL","207","475","715","NULL","203","483","742","NULL","NULL","3","5","7","NULL","2","5","7","NULL"
"1051","津軽雪","NULL","784","1137","1953","NULL","844","1165","2101","NULL","NULL","7","10","12","NULL","7","10","12","NULL"
"1052","月雪に舞う華のように","NULL","437","683","1083","NULL","446","722","1053","NULL","NULL","5","7","10","NULL","5","8","10","NULL"
"1053","ディッシュウォッシャー◎彡おいわちゃん","NULL","366","736","1280","NULL","386","761","1292","NULL","NULL","3","7","11","NULL","4","7","11","NULL"
"1054","童話回廊","NULL","484","905","1592","NULL","483","912","1478","NULL","NULL","5","9","12","NULL","5","9","12","NULL"
"1055","刃図羅","NULL","626","1082","1746","NULL","590","1089","1790","NULL","NULL","6","10","12","NULL","6","10","12","NULL"
"1056","焱影","NULL","366","723","1437","NULL","440","780","1431","NULL","NULL","5","9","12","NULL","6","9","12","NULL"
"1057","¡Viva!","NULL","492","825","1014","1416","444","838","1206","1446","NULL","5","8","10","11","4","9","11","11"
"1058","冬椿 ft. Kanae Asaba","NULL","482","633","1146","1535","474","621","1114","1509","NULL","5","7","10","11","5","7","10","11"
"1059","#MAGiCVLGiRL_TRVP_B3VTZ","NULL","588","991","1753","NULL","592","956","1500","NULL","NULL","6","9","12","NULL","6","9","11","NULL"
"1060","AA -rebuild-","NULL","646","1253","1820","NULL","712","1192","1752","NULL","NULL","7","10","12","NULL","7","10","12","NULL"
"1061","Abraxas","NULL","403","844","1241","NULL","414","921","1254","NULL","NULL","5","9","11","NULL","5","9","11","NULL"
"1062","ACCELERATE","NULL","597","895","1261","NULL","561","869","1328","NULL","NULL","6","8","10","NULL","5","8","10","NULL"
"1063","Acidiva 303","NULL","416","703","1161","NULL","416","702","1109","NULL","NULL","4","7","10","NULL","4","7","10","NULL"
"1064","Alpheratz","NULL","218","519","1049","NULL","281","574","1023","NULL","NULL","2","5","9","NULL","3","5","9","NULL"
"1065","Amor De Verão","NULL","404","728","1193","NULL","452","729","1206","NULL","NULL","4","8","11","NULL","5","8","11","NULL"
"1066","ANAGMA","NULL","522","925","1339","NULL","520","952","1327","NULL","NULL","5","8","10","NULL","5","8","10","NULL"
"1067","ANCHOR","NULL","680","1288","1835","NULL","678","1265","1830","NULL","NULL","7","10","12","NULL","7","10","12","NULL"
"1068","Antigravity","NULL","535","1043","1591","NULL","558","1001","1467","NULL","NULL","6","10","12","NULL","6","9","12","NULL"
"1069","Arca","NULL","468","961","1602","NULL","485","975","1606","NULL","NULL","5","9","12","NULL","5","9","12","NULL"
"1070","Around the Future","NULL","561","892","1329","NULL","570","942","1385","NULL","NULL","6","9","11","NULL","6","9","11","NULL"
"1071","Back Spin Sweeper","NULL","431","717","1156","NULL","422","778","1205","NULL","NULL","6","9","11","NULL","6","9","11","NULL"
"1072","Battleground","NULL","595","968","1361","NULL","587","900","1304","NULL","NULL","6","9","11","NULL","6","9","11","NULL"
"1073","Be a Hero!","NULL","394","1006","1592","NULL","494","921","1627","NULL","NULL","4","9","11","NULL","5","9","11","NULL"
"1074","Beast mode","NULL","538","803","1395","NULL","533","838","1445","NULL","NULL","6","9","11","NULL","6","9","11","NULL"
"1075","Best Of Me","NULL","413","810","1127","NULL","409","761","1121","NULL","NULL","4","8","10","NULL","4","8","10","NULL"
"1076","Boomy and The Boost","NULL","538","1042","1826","NULL","576","1088","1798","NULL","NULL","6","9","12","NULL","6","9","12","NULL"
"1077","Break Stasis","NULL","673","980","1274","NULL","670","990","1282","NULL","NULL","6","9","10","NULL","6","9","10","NULL"
"1078","ChaserXX","NULL","560","988","1453","NULL","571","953","1410","NULL","NULL","6","9","11","NULL","6","9","11","NULL"
"1079","Chemical Cookie","NULL","419","739","1081","NULL","389","724","1061","NULL","NULL","5","8","10","NULL","5","8","11","NULL"
"1080","City Never Sleeps (IIDX EDITION)","NULL","668","977","1344","NULL","666","979","1377","NULL","NULL","7","9","11","NULL","7","9","11","NULL"
"1081","COSMIC☆WONDER☆REVOLUTION","NULL","389","722","1049","NULL","438","694","1026","NULL","NULL","4","7","9","NULL","5","7","9","NULL"
"1082","DEADHEAT","NULL","606","1066","1721","NULL","611","1074","1757","NULL","NULL","6","10","12","NULL","7","10","12","NULL"
"1083","DEATH†ZIGOQ ～怒りの高速爆走野郎～","NULL","710","1272","2075","2459","725","1262","1999","2459","NULL","7","10","12","12","7","10","12","12"
"1084","DropZ-Line-","NULL","696","1101","1648","NULL","677","1040","1771","NULL","NULL","7","10","12","NULL","7","10","12","NULL"
"1085","Eine Haube ～聖地の果てにあるもの～","NULL","493","728","1321","NULL","503","765","1346","NULL","NULL","5","8","11","NULL","5","9","12","NULL"
"1086","EMERALDAS","265","704","1258","1833","NULL","691","1293","1763","NULL","NULL","7","11","12","NULL","7","11","12","NULL"
"1087","encounter","NULL","494","907","1679","NULL","505","886","1709","NULL","NULL","5","9","12","NULL","5","9","12","NULL"
"1088","Exhaust Hype","NULL","523","994","1426","NULL","503","963","1393","NULL","NULL","5","9","11","NULL","5","9","11","NULL"
"1089","Expanded !!","NULL","341","788","1324","NULL","341","759","1377","NULL","NULL","4","8","10","NULL","4","8","10","NULL"
"1090","Fervidex","NULL","432","915","1361","NULL","427","912","1397","NULL","NULL","5","9","11","NULL","5","9","11","NULL"
"1091","FIRE BALL","NULL","435","833","1265","NULL","402","833","1238","NULL","NULL","5","9","11","NULL","5","9","11","NULL"
"1092","FREEDOM","NULL","511","880","1481","NULL","507","852","1482","NULL","NULL","5","8","11","NULL","5","8","11","NULL"
"1093","From Time To Time","NULL","404","983","1293","NULL","404","983","1293","NULL","NULL","4","9","10","NULL","4","10","11","NULL"
"1094","FUTURE is Dead","NULL","467","767","1151","NULL","443","740","1095","NULL","NULL","5","8","11","NULL","5","8","11","NULL"
"1095","Get Up! feat. Kanae Asaba","NULL","296","645","966","NULL","341","686","1000","NULL","NULL","3","7","9","NULL","4","7","9","NULL"
"1096","HAT TRICK","NULL","438","732","1118","NULL","465","777","1215","NULL","NULL","5","8","10","NULL","5","8","10","NULL"
"1097","Hella Deep","NULL","325","538","959","NULL","328","554","959","NULL","NULL","4","7","10","NULL","4","8","10","NULL"
"1098","HYPE THE CORE","NULL","565","1044","1539","NULL","564","1046","1871","NULL","NULL","6","10","11","NULL","7","10","12","NULL"
"1099","I Love You","NULL","540","970","1381","NULL","536","971","1379","NULL","NULL","5","9","11","NULL","5","9","11","NULL"
"1100","Illusionary Waterlily","NULL","667","1164","1803","NULL","687","1225","1740","NULL","NULL","6","10","12","NULL","6","10","12","NULL"
"1101","Initiation","330","762","1277","2018","NULL","817","1338","2018","NULL","NULL","7","10","12","NULL","7","10","12","NULL"
"1102","Let’s Bounce !!","NULL","373","658","1146","NULL","396","684","1143","NULL","NULL","4","7","10","NULL","4","8","10","NULL"
"1103","Life Is A Game ft.DD”ナカタ”Metal","NULL","642","999","1775","NULL","698","1169","1667","NULL","NULL","6","10","12","NULL","7","10","12","NULL"
"1104","LUV DRIVE","NULL","419","683","1075","NULL","480","670","1103","NULL","NULL","5","7","10","NULL","5","7","10","NULL"
"1105","MAXIVCORD","NULL","413","752","1256","NULL","418","771","1175","NULL","NULL","5","9","11","NULL","5","9","11","NULL"
"1106","Midnight Lady","NULL","323","596","979","NULL","325","572","1035","NULL","NULL","4","6","9","NULL","4","6","9","NULL"
"1107","Mira","NULL","483","968","1596","NULL","558","926","1686","NULL","NULL","5","9","11","NULL","6","9","12","NULL"
"1108","n’pa pa BBQ","NULL","469","892","1408","NULL","531","909","1423","NULL","NULL","4","8","11","NULL","5","8","11","NULL"
"1109","NITROUS CANNON","NULL","713","1055","1875","NULL","696","1054","1852","NULL","NULL","7","10","12","NULL","7","10","12","NULL"
"1110","Nothing but Theory","NULL","556","811","1438","NULL","601","910","1397","NULL","NULL","5","8","11","NULL","6","9","11","NULL"
"1111","O/D*20","NULL","581","854","1071","NULL","659","1013","1246","NULL","NULL","6","8","10","NULL","6","10","11","NULL"
"1112","Only for now","NULL","459","797","1138","1460","503","807","1128","1481","NULL","4","8","10","NULL","5","8","10","NULL"
"1113","Papilio ulysses","NULL","614","1080","1498","NULL","619","1069","1452","NULL","NULL","7","10","12","NULL","7","10","12","NULL"
"1114","Persephone","NULL","690","1007","1539","NULL","669","1142","1573","NULL","NULL","6","9","12","NULL","6","10","12","NULL"
"1115","Rampage","NULL","653","1257","1831","NULL","648","1253","1983","NULL","NULL","6","10","12","NULL","7","10","12","NULL"
"1116","Raspberry Railgun","NULL","719","1155","1606","NULL","673","1067","1694","NULL","NULL","7","10","12","NULL","7","10","12","NULL"
"1117","REVOLVER","NULL","471","844","1405","1731","456","833","1374","1715","NULL","5","8","11","NULL","5","8","11","NULL"
"1118","Rise Circuit","NULL","477","826","1180","NULL","489","845","1210","NULL","NULL","5","9","11","NULL","5","8","11","NULL"
"1119","SHOX","NULL","439","596","881","NULL","588","685","1109","NULL","NULL","5","8","10","NULL","7","9","11","NULL"
"1120","Sleepless days","NULL","255","456","788","NULL","260","455","789","NULL","NULL","4","6","9","NULL","4","6","9","NULL"
"1121","Slipstream","NULL","546","1054","1822","NULL","566","1001","1717","NULL","NULL","5","9","12","NULL","5","9","12","NULL"
"1122","SPEED","NULL","455","853","1359","NULL","417","798","1252","NULL","NULL","5","8","10","NULL","5","8","10","NULL"
"1123","SPEED DEMON","NULL","379","736","1198","NULL","422","731","1266","NULL","NULL","5","8","10","NULL","5","8","11","NULL"
"1124","STARLIGHT JUNCTION","NULL","454","816","1150","NULL","415","791","1211","NULL","NULL","4","8","10","NULL","4","8","10","NULL"
"1125","Static State","NULL","540","912","1218","NULL","521","882","1196","NULL","NULL","6","9","10","NULL","6","9","10","NULL"
"1126","Temple of Anubis","NULL","517","781","1345","NULL","549","909","1332","NULL","NULL","5","8","11","NULL","5","8","11","NULL"
"1127","THE CANNONBALLER","244","770","1236","1748","2398","753","1299","1807","2383","NULL","6","10","11","12","6","10","11","12"
"1128","The Chase","NULL","359","710","1148","NULL","372","737","1142","NULL","NULL","5","10","12","NULL","5","10","12","NULL"
"1129","UMMU","220","626","1083","1587","NULL","673","1127","1614","NULL","NULL","6","10","11","NULL","7","10","11","NULL"
"1130","Xperanza","276","701","1238","1637","NULL","690","1141","1698","NULL","NULL","7","10","12","NULL","7","10","12","NULL"
"1131","1001 -ESCAPE-","NULL","524","866","1327","NULL","538","851","1333","NULL","NULL","5","8","10","NULL","5","8","10","NULL"
"1132","255","NULL","469","823","1676","NULL","564","953","1590","NULL","NULL","6","9","12","NULL","6","9","12","NULL"
"1133","命の標本","NULL","372","864","1358","NULL","372","846","1275","NULL","NULL","4","8","11","NULL","4","8","11","NULL"
"1134","うさ☆かめ 大戦争！","NULL","487","836","1276","NULL","479","809","1257","NULL","NULL","6","8","11","NULL","6","8","11","NULL"
"1135","エディブルフラワーの独白","NULL","411","795","1110","NULL","414","779","1174","NULL","NULL","4","8","10","NULL","4","8","10","NULL"
"1136","共犯ヘヴンズコード","NULL","258","704","1149","NULL","267","697","1141","NULL","NULL","3","7","10","NULL","3","7","10","NULL"
"1137","シムルグの目醒め","NULL","717","1211","1822","NULL","766","1293","1815","NULL","NULL","7","10","12","NULL","7","10","12","NULL"
"1138","神謳 -RESONANCE-","NULL","702","1285","2047","NULL","725","1356","2052","NULL","NULL","7","10","12","NULL","7","10","12","NULL"
"1139","純真可憐デザイア","127","422","824","1172","NULL","450","817","1124","NULL","NULL","4","8","10","NULL","4","8","10","NULL"
"1140","草原の王女-奇跡を辿って-","NULL","352","629","1172","NULL","433","722","1127","NULL","NULL","3","7","10","NULL","4","8","10","NULL"
"1141","東京神話","235","528","914","1505","1903","500","906","1533","1861","NULL","6","9","12","12","6","9","12","12"
"1142","ナイトシティー・アヴァンチュール","NULL","521","774","1047","NULL","511","774","1139","NULL","NULL","5","7","9","NULL","5","7","9","NULL"
"1143","ハイ*ビスカス ft. Kanae Asaba","NULL","438","784","1233","NULL","531","772","1303","NULL","NULL","4","7","10","NULL","5","8","10","NULL"
"1144","バスルーム ロマンス","NULL","492","744","1228","NULL","494","752","1204","NULL","NULL","5","8","10","NULL","5","8","10","NULL"
"1145","バ→ビ→ブ→Bomb!","NULL","422","923","1294","NULL","431","939","1297","NULL","NULL","5","9","11","NULL","5","8","11","NULL"
"1146","A Tale Hidden In The Abyss","NULL","480","888","1346","NULL","483","864","1346","NULL","NULL","6","9","11","NULL","6","9","11","NULL"
"1147","Afterimage d’automne","NULL","519","879","1480","NULL","525","913","1554","NULL","NULL","6","9","11","NULL","6","9","12","NULL"
"1148","AGAiN","NULL","518","823","1166","NULL","565","842","1195","NULL","NULL","5","8","10","NULL","6","8","10","NULL"
"1149","Angels & Demons","NULL","468","907","1233","NULL","500","897","1227","NULL","NULL","5","8","10","NULL","5","8","10","NULL"
"1150","BLACK JACKAL","NULL","428","812","1183","NULL","428","813","1138","NULL","NULL","5","8","10","NULL","5","8","10","NULL"
"1151","BLO§OM","NULL","550","843","1290","NULL","546","815","1316","NULL","NULL","5","8","10","NULL","5","8","10","NULL"
"1152","Carmina","266","683","1292","2000","NULL","701","1273","2000","NULL","NULL","6","10","12","NULL","6","10","12","NULL"
"1153","Carry Me Away","268","575","933","1613","NULL","595","957","1568","NULL","NULL","7","9","12","NULL","6","9","12","NULL"
"1154","Catch Our Fire!","NULL","699","1186","1885","NULL","691","1198","1888","NULL","NULL","6","10","12","NULL","6","10","12","NULL"
"1155","CODE:Ø","NULL","726","1120","1454","NULL","738","1086","1382","NULL","NULL","5","9","11","NULL","6","10","11","NULL"
"1156","CoMAAAAAAA","NULL","643","1068","1208","NULL","640","1151","1304","NULL","NULL","6","9","10","NULL","6","10","10","NULL"
"1157","COSMIC CYBER","NULL","524","862","1469","NULL","531","835","1325","NULL","NULL","5","9","11","NULL","6","9","11","NULL"
"1158","Cranberry City ft. Luschel","NULL","433","816","1234","NULL","447","792","1272","NULL","NULL","5","8","10","NULL","5","8","10","NULL"
"1159","dAuntl3ss","NULL","542","1018","1775","NULL","584","1157","1770","NULL","NULL","6","10","12","NULL","6","10","12","NULL"
"1160","Digital Skipper","NULL","504","807","1133","NULL","500","804","1142","NULL","NULL","6","8","10","NULL","6","8","10","NULL"
"1161","Dr. Chemical & Killing Machine","NULL","567","964","1700","NULL","586","978","1919","NULL","NULL","5","9","12","NULL","5","9","12","NULL"
"1162","Drastic Dramatic","NULL","800","1231","1765","NULL","782","1253","1736","NULL","NULL","7","10","12","NULL","7","10","12","NULL"
"1163","Ember Lights","NULL","491","842","1369","NULL","530","863","1296","NULL","NULL","5","9","11","NULL","5","9","11","NULL"
"1164","EVANESCENT","NULL","661","1241","1845","NULL","660","1174","1820","NULL","NULL","6","10","12","NULL","6","10","12","NULL"
"1165","Garuda","NULL","541","842","1323","NULL","541","876","1319","NULL","NULL","5","9","11","NULL","6","9","11","NULL"
"1166","Geirskögul","NULL","545","808","1128","NULL","555","745","1122","NULL","NULL","5","8","10","NULL","5","8","10","NULL"
"1167","GENE","NULL","664","1009","2183","NULL","659","990","1986","NULL","NULL","7","10","12","NULL","7","9","12","NULL"
"1168","GIGA THRASH","NULL","643","970","1400","NULL","662","1002","1503","NULL","NULL","6","9","11","NULL","7","9","12","NULL"
"1169","Glory","NULL","390","855","1185","NULL","376","838","1168","NULL","NULL","4","7","9","NULL","4","7","10","NULL"
"1170","GO OVER WITH GLARE -ROOTAGE 26-","NULL","548","1160","2000","NULL","558","1129","1769","NULL","NULL","6","10","12","NULL","6","10","12","NULL"
"1171","HARD BRAIN","NULL","701","1044","1914","NULL","706","1095","1903","NULL","NULL","6","9","12","NULL","6","9","12","NULL"
"1172","HEISEI","190","590","992","1291","NULL","581","1033","1323","NULL","NULL","6","10","11","NULL","6","10","11","NULL"
"1173","Hurry Hurry","NULL","380","527","1045","NULL","379","527","1032","NULL","NULL","4","6","9","NULL","4","6","9","NULL"
"1174","IDC feat.REVERBEE (Mo’Cuts Ver)","NULL","557","818","1145","NULL","553","779","1017","NULL","NULL","7","9","11","NULL","7","10","11","NULL"
"1175","IDOL syndrome.","NULL","382","738","1109","NULL","397","720","1183","NULL","NULL","4","7","10","NULL","4","7","10","NULL"
"1176","KILL EACH OTHER","NULL","711","1270","1945","NULL","713","1248","1889","NULL","NULL","7","10","12","NULL","7","10","12","NULL"
"1177","L.F.O","NULL","444","898","1687","NULL","448","847","1697","NULL","NULL","5","9","12","NULL","5","9","12","NULL"
"1178","LADYBIRD","NULL","572","865","1258","NULL","601","894","1253","NULL","NULL","7","9","11","NULL","7","9","11","NULL"
"1179","Let me be your cure","NULL","573","718","1344","NULL","631","879","1354","NULL","NULL","5","7","10","NULL","5","8","10","NULL"
"1180","Lift Us High","NULL","494","808","1247","NULL","490","777","1252","NULL","NULL","5","8","10","NULL","5","8","10","NULL"
"1181","LOST TECHNOLOGIE","NULL","590","984","1822","NULL","644","1009","1849","NULL","NULL","5","9","12","NULL","5","9","12","NULL"
"1182","Mächö Mönky","NULL","754","1123","1588","NULL","643","1100","1522","NULL","NULL","6","10","12","NULL","6","10","12","NULL"
"1183","Necroxis Girl","NULL","601","1027","1441","NULL","558","962","1505","NULL","NULL","6","9","11","NULL","6","9","12","NULL"
"1184","Next Tales 2 Oath (IIDX 20th Anniv ”Ring” Theme)","NULL","457","847","1387","NULL","519","820","1415","NULL","NULL","5","9","11","NULL","5","8","11","NULL"
"1185","Night! Night! Night!","NULL","609","931","1540","NULL","590","917","1486","NULL","NULL","6","9","11","NULL","6","9","12","NULL"
"1186","ONIGOROSHI","NULL","597","1107","1541","NULL","584","1107","1503","NULL","NULL","6","10","12","NULL","6","10","12","NULL"
"1187","OVER TIME","NULL","293","492","779","1013","262","556","841","1032","NULL","3","5","8","10","3","6","9","10"
"1188","Painful Fate","NULL","642","1178","1702","NULL","683","1112","1677","NULL","NULL","7","10","12","NULL","7","10","12","NULL"
"1189","Playing With Fire","NULL","512","866","1200","NULL","516","814","1113","NULL","NULL","6","9","11","NULL","6","9","11","NULL"
"1190","Please Welcome Mr.C","NULL","572","916","1522","NULL","583","932","1462","NULL","NULL","6","9","12","NULL","6","9","11","NULL"
"1191","Psycho Sheep Riddim","NULL","324","512","841","1150","330","509","842","1091","NULL","3","7","9","11","3","7","9","11"
"1192","Red. by Jack Trance","NULL","770","1122","1862","NULL","735","1129","1612","NULL","NULL","7","10","12","NULL","7","10","12","NULL"
"1193","REPLAY","NULL","478","840","1141","NULL","820","973","1505","NULL","NULL","4","8","10","NULL","6","9","11","NULL"
"1194","R∞tAge","273","565","850","1503","NULL","569","1058","1453","NULL","NULL","5","8","11","NULL","5","8","11","NULL"
"1195","ROZA DE ANDALUCIA","NULL","667","1071","1560","NULL","665","1069","1557","NULL","NULL","6","9","11","NULL","6","9","11","NULL"
"1196","ruin of opals","NULL","533","1016","1646","NULL","537","1012","1604","NULL","NULL","6","10","12","NULL","6","10","12","NULL"
"1197","Sidechained Threats","NULL","627","1026","1238","NULL","984","1216","1526","NULL","NULL","6","8","10","NULL","8","10","11","NULL"
"1198","SIGMA","NULL","430","804","1395","NULL","434","911","1848","NULL","NULL","5","8","10","NULL","5","9","12","NULL"
"1199","Six String Proof","NULL","455","855","1308","NULL","464","845","1220","NULL","NULL","5","9","11","NULL","5","9","11","NULL"
"1200","SPEED ROCKER","NULL","464","879","1175","NULL","491","874","1214","NULL","NULL","4","9","10","NULL","4","9","10","NULL"
"1201","Starry Night","NULL","467","847","1268","NULL","542","926","1254","NULL","NULL","4","7","10","NULL","5","8","10","NULL"
"1202","Technicolour Dreams","NULL","474","722","1202","NULL","454","708","1209","NULL","NULL","5","8","10","NULL","5","8","10","NULL"
"1203","THE DAY OF JUBILATIONS","NULL","794","1234","1757","NULL","771","1223","1883","NULL","NULL","7","10","12","NULL","7","10","12","NULL"
"1204","The Rebellion of Sequencer","NULL","646","1054","1634","NULL","640","1042","1628","NULL","NULL","7","10","12","NULL","7","10","12","NULL"
"1205","The Sealer ～ア・ミリアとミリアの民～","NULL","427","716","1117","NULL","436","690","1056","NULL","NULL","4","7","10","NULL","4","7","10","NULL"
"1206","toy boxer","NULL","390","725","1122","NULL","401","743","1149","NULL","NULL","4","8","10","NULL","4","8","10","NULL"
"1207","ToyCube Pf.(RX-Ver.S.P.L.)","NULL","379","789","1153","1453","575","1038","1395","1731","NULL","4","7","9","11","7","9","11","12"
"1208","Trill auf G","NULL","586","1098","1670","NULL","577","1059","1610","NULL","NULL","6","10","12","NULL","6","10","12","NULL"
"1209","Twilight Warp","NULL","483","741","1083","NULL","483","740","1110","NULL","NULL","4","7","9","NULL","4","7","9","NULL"
"1210","Unbelief","NULL","570","1113","1675","NULL","661","1092","1716","NULL","NULL","5","10","12","NULL","6","10","12","NULL"
"1211","UNDERWORLD HOLOGRAPHY","NULL","580","1081","1648","NULL","578","1138","1644","NULL","NULL","5","9","11","NULL","5","9","11","NULL"
"1212","Urban Constellations","NULL","362","771","1167","NULL","372","761","1261","NULL","NULL","4","8","11","NULL","4","8","11","NULL"
"1213","Visterhv","NULL","642","1152","1869","NULL","637","1159","1782","NULL","NULL","6","10","12","NULL","6","10","12","NULL"
"1214","voltississimo","NULL","613","1135","1888","NULL","613","1146","1824","NULL","NULL","6","10","12","NULL","6","10","12","NULL"
"1215","Wing of Hearts","NULL","567","916","1473","NULL","565","918","1477","NULL","NULL","5","8","10","NULL","5","8","11","NULL"
"1216","Wolf 1061","NULL","516","872","1584","NULL","572","936","1514","NULL","NULL","4","8","11","NULL","5","9","11","NULL"
"1217","Wonderland","NULL","542","957","1393","NULL","533","901","1392","NULL","NULL","5","9","11","NULL","5","9","11","NULL"
"1218","XENON II ～TOMOYUKIの野望～","NULL","601","915","1523","NULL","609","911","1482","NULL","NULL","6","9","11","NULL","6","9","11","NULL"
"1219","Yum Yum Jelly","NULL","398","799","1204","NULL","436","820","1236","NULL","NULL","5","9","11","NULL","5","9","11","NULL"
"1220","ZENDEGI DANCE","NULL","602","935","1393","NULL","587","922","1378","NULL","NULL","6","9","11","NULL","6","9","11","NULL"
"1221","50th Memorial Songs -Beginning Story-","162","417","846","1378","NULL","433","867","1468","NULL","NULL","4","8","10","NULL","4","8","11","NULL"
"1222","50th Memorial Songs -Flagship medley-","192","496","786","1157","NULL","481","889","1148","NULL","NULL","5","8","10","NULL","5","8","10","NULL"
"1223","50th Memorial Songs -二人の時 ～under the cherry blossoms～-","283","621","834","1311","NULL","623","829","1317","NULL","NULL","5","8","10","NULL","5","8","10","NULL"
"1224","50th Memorial Songs -The BEMANI History-","274","545","851","1348","NULL","628","785","1290","NULL","NULL","5","9","11","NULL","6","9","11","NULL"
"1225","& Intelligence","NULL","594","1112","1623","NULL","603","1129","1600","NULL","NULL","5","9","11","NULL","5","9","11","NULL"
"1226","おーまい！らぶりー！すうぃーてぃ！だーりん！","NULL","560","1009","1480","NULL","599","991","1480","NULL","NULL","5","9","11","NULL","6","9","11","NULL"
"1227","お菓子の王国","NULL","718","1191","2109","2442","705","1225","2135","2442","NULL","7","10","12","12","7","10","12","12"
"1228","X-DEN","NULL","861","1418","2220","NULL","896","1495","2220","NULL","NULL","8","11","12","NULL","8","11","12","NULL"
"1229","グラナダの風","NULL","414","637","954","NULL","426","642","985","NULL","NULL","5","8","10","NULL","5","7","10","NULL"
"1230","金野火織の金色提言","NULL","643","1171","1630","NULL","640","1189","1676","NULL","NULL","6","10","12","NULL","6","10","12","NULL"
"1231","最小三倍完全数","NULL","469","921","1314","NULL","464","908","1414","NULL","NULL","5","9","12","NULL","5","10","12","NULL"
"1232","セカンドピアス","NULL","302","555","1015","NULL","300","504","1002","NULL","NULL","3","6","9","NULL","3","6","9","NULL"
"1233","抱きしめてモナムール","NULL","664","1189","2110","NULL","675","1212","2129","NULL","NULL","5","10","12","NULL","6","10","12","NULL"
"1234","夏の匂い。キミの残像。 ft. Kanae Asaba","NULL","347","777","1281","NULL","355","817","1348","NULL","NULL","4","8","10","NULL","4","8","10","NULL"
"1235","ハードベース・フェスタ","NULL","582","928","1447","NULL","562","966","1441","NULL","NULL","6","9","11","NULL","6","9","11","NULL"
"1236","花冠 feat.Aikapin","NULL","513","869","1365","NULL","502","886","1366","NULL","NULL","6","9","11","NULL","6","9","11","NULL"
"1237","爆ゼニ☆がってんワーカー","NULL","639","993","1391","NULL","634","1009","1332","NULL","NULL","6","9","11","NULL","6","9","11","NULL"
"1238","ミストレス・アンに花束を","NULL","293","518","718","NULL","279","465","709","NULL","NULL","3","6","8","NULL","3","6","8","NULL"
"1239","ミッドナイト☆WAR","NULL","414","800","1261","NULL","417","832","1311","NULL","NULL","5","8","11","NULL","5","9","11","NULL"
"1240","龍王の霊廟(Mausoleum Of The Primal Dragon)","NULL","576","1190","1614","NULL","577","1070","1599","NULL","NULL","6","10","11","NULL","5","10","11","NULL"
"1241","Advent Infamous","NULL","508","843","1454","NULL","503","854","1430","NULL","NULL","5","8","11","NULL","5","8","11","NULL"
"1242","AKASHIC BREAK","NULL","633","1243","1823","NULL","652","1177","1767","NULL","NULL","6","10","12","NULL","7","10","12","NULL"
"1243","And-RoiD","NULL","373","672","1008","NULL","384","682","985","NULL","NULL","4","7","9","NULL","4","7","9","NULL"
"1244","Artist","NULL","660","1243","1870","NULL","665","1252","1923","NULL","NULL","7","10","12","NULL","7","10","12","NULL"
"1245","Backyard Stars","NULL","540","844","1155","NULL","543","838","1222","NULL","NULL","6","9","10","NULL","6","9","11","NULL"
"1246","BEAT PRISONER","NULL","629","1083","1844","NULL","628","1075","1752","NULL","NULL","6","9","12","NULL","7","9","12","NULL"
"1247","beatAffection","NULL","524","792","1341","NULL","522","730","1232","NULL","NULL","5","8","10","NULL","5","8","10","NULL"
"1248","Bow shock!!","NULL","408","986","1566","NULL","417","974","1583","NULL","NULL","4","9","11","NULL","4","9","11","NULL"
"1249","Calvados Queen","NULL","502","777","1242","NULL","500","760","1244","NULL","NULL","5","8","10","NULL","5","8","10","NULL"
"1250","Change Yourself","NULL","493","890","1288","NULL","462","833","1260","NULL","NULL","5","9","11","NULL","5","9","11","NULL"
"1251","Crank It","NULL","393","731","1228","NULL","401","737","1164","NULL","NULL","4","7","9","NULL","4","7","9","NULL"
"1252","Dans la nuit de l’éternité","NULL","718","1153","1830","NULL","714","1128","1850","NULL","NULL","7","10","12","NULL","7","10","12","NULL"
"1253","Do What You Want","NULL","352","644","1027","NULL","351","688","1085","NULL","NULL","4","7","10","NULL","4","7","10","NULL"
"1254","Double Dribble","NULL","654","1009","1683","NULL","600","1057","1874","NULL","NULL","6","10","12","NULL","6","10","12","NULL"
"1255","Drop It","NULL","713","1032","1419","NULL","731","1035","1435","NULL","NULL","6","9","11","NULL","6","9","11","NULL"
"1256","Duration","NULL","272","514","978","NULL","265","496","943","NULL","NULL","3","6","9","NULL","3","6","9","NULL"
"1257","EROICA","NULL","703","1193","2040","NULL","702","1213","2363","NULL","NULL","7","10","12","NULL","7","10","12","NULL"
"1258","Everlasting Message","NULL","638","1197","1970","NULL","619","1149","1781","NULL","NULL","7","10","12","NULL","7","11","12","NULL"
"1259","fairy cocktail","NULL","230","559","828","NULL","230","567","861","NULL","NULL","3","6","8","NULL","3","6","8","NULL"
"1260","Forgetting Machine","NULL","366","634","868","NULL","358","620","826","NULL","NULL","5","8","10","NULL","5","8","10","NULL"
"1261","Friction[!]Function","NULL","560","911","1634","NULL","553","1008","1546","NULL","NULL","6","9","12","NULL","6","9","12","NULL"
"1262","GHOST","NULL","425","767","1403","NULL","418","749","1354","NULL","NULL","5","8","11","NULL","5","8","11","NULL"
"1263","GIGA VIOLATE","NULL","565","833","1392","NULL","547","827","1445","NULL","NULL","6","8","11","NULL","6","8","11","NULL"
"1264","Hold My Hand","NULL","472","855","1247","NULL","424","809","1264","NULL","NULL","5","8","10","NULL","5","8","10","NULL"
"1265","Horizons of Promise","NULL","476","765","1322","NULL","472","762","1366","NULL","NULL","4","7","10","NULL","4","7","10","NULL"
"1266","Hyper Drive feat. ぷにぷに電機","NULL","335","775","1000","NULL","339","761","1000","NULL","NULL","3","7","9","NULL","3","7","9","NULL"
"1267","If","NULL","398","689","959","1254","394","690","969","1250","NULL","5","8","10","NULL","5","8","10","NULL"
"1268","Inferno of Fomalhaut","NULL","523","980","1701","NULL","531","967","1723","NULL","NULL","5","10","12","NULL","6","9","12","NULL"
"1269","Infinity Mirror","NULL","436","709","1164","NULL","422","729","1303","NULL","NULL","5","8","10","NULL","5","8","10","NULL"
"1270","Into The Madness","NULL","508","821","1286","NULL","539","806","1276","NULL","NULL","5","8","11","NULL","6","9","11","NULL"
"1271","Jetcoaster Windy","NULL","413","722","1156","NULL","415","711","1106","NULL","NULL","4","7","10","NULL","4","7","10","NULL"
"1272","LASER CRUSTER (IGNITE REMIX)","NULL","399","908","1824","NULL","380","848","1700","NULL","NULL","4","8","12","NULL","5","8","12","NULL"
"1273","LIGHTNING STRIKES","237","471","854","1639","NULL","473","950","1763","NULL","NULL","5","9","12","NULL","5","9","12","NULL"
"1274","Like+it!","NULL","541","885","1197","1647","505","871","1071","1583","NULL","6","9","11","12","6","9","11","12"
"1275","Lords Of The Roundtable","NULL","541","950","1586","NULL","567","838","1477","NULL","NULL","6","10","12","NULL","6","10","12","NULL"
"1276","Lost Souls","NULL","358","857","1236","NULL","349","820","1280","NULL","NULL","4","9","11","NULL","4","9","11","NULL"
"1277","Megalara Garuda","NULL","764","1012","1543","NULL","764","1031","1503","NULL","NULL","7","10","12","NULL","7","10","12","NULL"
"1278","Mel","NULL","396","767","1088","NULL","405","713","1026","NULL","NULL","4","7","9","NULL","4","7","9","NULL"
"1279","Moving on","NULL","525","979","1501","NULL","542","933","1480","NULL","NULL","5","8","11","NULL","5","8","11","NULL"
"1280","Nasty Techniques","NULL","496","854","1338","NULL","499","841","1290","NULL","NULL","5","9","11","NULL","5","9","11","NULL"
"1281","NEWALONE","NULL","303","662","1012","NULL","352","643","980","NULL","NULL","4","7","9","NULL","4","7","9","NULL"
"1282","ORCA","NULL","681","1241","1795","NULL","673","1235","1789","NULL","NULL","7","10","12","NULL","7","10","12","NULL"
"1283","OUTER PLANETS","NULL","340","716","1100","NULL","343","732","1104","NULL","NULL","4","7","10","NULL","4","7","10","NULL"
"1284","Override","NULL","480","821","1471","NULL","492","815","1445","NULL","NULL","5","8","11","NULL","5","8","11","NULL"
"1285","PHASE SHIFT MANEUVER","NULL","638","886","1447","NULL","646","913","1429","NULL","NULL","6","9","11","NULL","6","9","11","NULL"
"1286","Primitive Vibes","298","587","1004","1564","NULL","589","1019","1534","NULL","NULL","6","10","12","NULL","6","9","12","NULL"
"1287","Queen Kaguya","NULL","493","952","1330","NULL","506","892","1327","NULL","NULL","6","9","11","NULL","6","9","11","NULL"
"1288","Rainstorm","NULL","501","784","1146","NULL","485","775","1140","NULL","NULL","5","8","10","NULL","5","8","10","NULL"
"1289","Rave lithosphere","NULL","554","898","1344","NULL","568","881","1360","NULL","NULL","5","8","11","NULL","5","8","11","NULL"
"1290","Rave Patroller","NULL","696","1189","1705","NULL","747","1289","1667","NULL","NULL","7","10","12","NULL","7","10","12","NULL"
"1291","rough percussionythm","NULL","515","853","1295","NULL","523","866","1293","NULL","NULL","6","9","11","NULL","6","9","11","NULL"
"1292","S!ck (Nhato Remix)","NULL","506","830","1279","NULL","556","922","1313","NULL","NULL","6","9","11","NULL","6","9","11","NULL"
"1293","SCREW // owo // SCREW","NULL","567","1111","1567","NULL","568","1104","1542","NULL","NULL","6","9","12","NULL","6","9","12","NULL"
"1294","Shiva","NULL","370","753","1085","NULL","347","726","1040","NULL","NULL","4","8","11","NULL","4","8","11","NULL"
"1295","Silly Love","131","406","716","1061","NULL","401","712","1051","NULL","NULL","4","8","10","NULL","4","8","10","NULL"
"1296","Ska-sh All Neurons!!","NULL","497","739","1176","NULL","502","692","1139","NULL","NULL","4","7","10","NULL","4","7","10","NULL"
"1297","Smashing Wedge","NULL","492","1141","1957","NULL","555","1270","1969","NULL","NULL","5","10","12","NULL","5","10","12","NULL"
"1298","Sparkle Smilin’","NULL","462","756","1243","NULL","456","746","1191","NULL","NULL","4","8","11","NULL","4","8","11","NULL"
"1299","STOIC HYPOTHESIS","NULL","565","917","1442","NULL","560","919","1405","NULL","NULL","6","9","11","NULL","6","9","11","NULL"
"1300","Sugar Drippin’","NULL","391","701","1069","NULL","396","687","1129","NULL","NULL","4","7","9","NULL","4","7","10","NULL"
"1301","T-REX vs Velociraptor (In the Far east euphoria)","NULL","712","943","1636","NULL","712","923","1607","NULL","NULL","7","9","12","NULL","7","9","12","NULL"
"1302","take me higher","NULL","414","647","1015","NULL","419","648","959","NULL","NULL","4","8","10","NULL","4","8","10","NULL"
"1303","TECHNO Style Essentials","NULL","516","833","1453","NULL","517","821","1506","NULL","NULL","6","9","12","NULL","6","9","12","NULL"
"1304","THE BRAVE MUST DIE","NULL","721","1283","2075","NULL","778","1238","2086","NULL","NULL","6","10","12","NULL","6","10","12","NULL"
"1305","THE F∀UST","NULL","691","1183","1851","NULL","701","1143","1838","NULL","NULL","7","10","12","NULL","7","10","12","NULL"
"1306","The Sky of Sadness","NULL","444","767","1215","NULL","451","776","1296","NULL","NULL","4","8","10","NULL","5","8","11","NULL"
"1307","Theory","NULL","412","745","1342","NULL","418","731","1309","NULL","NULL","5","8","11","NULL","5","8","11","NULL"
"1308","TRIUMPH","NULL","475","1019","1724","NULL","477","959","1691","NULL","NULL","6","9","12","NULL","6","9","12","NULL"
"1309","UNITE THE HEART","NULL","753","1319","1676","NULL","696","1259","1633","NULL","NULL","7","10","11","NULL","7","10","11","NULL"
"1310","VALKYRIAS -英雄誕生-","235","524","881","1386","NULL","531","919","1466","NULL","NULL","6","9","11","NULL","6","9","11","NULL"
"1311","VIBRΛ","NULL","472","666","941","NULL","475","670","1032","NULL","NULL","5","7","10","NULL","5","8","10","NULL"
"1312","Vinculum stellarum","NULL","473","1229","1873","NULL","472","1190","1903","NULL","NULL","5","10","12","NULL","5","10","12","NULL"
"1313","Virus Funk","NULL","397","785","1119","NULL","443","703","1009","NULL","NULL","4","7","10","NULL","5","7","10","NULL"
"1314","Volcanic Dragon","NULL","548","914","1495","NULL","620","861","1412","NULL","NULL","6","8","11","NULL","6","8","11","NULL"
"1315","Voo Doo Bamboleo","NULL","459","786","1262","NULL","472","809","1361","NULL","NULL","5","8","10","NULL","5","7","10","NULL"
"1316","Ypsilon","NULL","567","913","1466","1801","579","896","1402","1796","NULL","6","9","11","12","6","9","11","12"
"1317","27th style","NULL","593","908","1299","1765","623","907","1257","1723","NULL","5","9","11","12","5","8","11","12"
"1318","華麗なる大犬円舞曲","NULL","710","1105","1849","NULL","712","1114","1835","NULL","NULL","7","10","12","NULL","7","10","12","NULL"
"1319","がっつり陰キャ!? 怪盗いいんちょの億劫^^;","NULL","789","1399","2192","NULL","774","1390","2161","NULL","NULL","7","10","12","NULL","7","10","12","NULL"
"1320","狂水一華","NULL","489","888","1370","NULL","493","896","1336","NULL","NULL","5","9","11","NULL","5","9","11","NULL"
"1321","灼熱Beach Side Bunny (Masayoshi Iimori Remix)","NULL","336","583","933","NULL","335","594","941","NULL","NULL","4","7","10","NULL","4","7","10","NULL"
"1322","シャムシールの舞","NULL","435","790","1294","NULL","435","798","1300","NULL","NULL","4","8","11","NULL","4","8","11","NULL"
"1323","深淵に捧ぐレクイエム","NULL","431","843","1537","NULL","442","846","1456","NULL","NULL","5","9","12","NULL","5","9","12","NULL"
"1324","セピアの軌跡 ft. 天宮みや(少女フラクタル)","191","404","739","1205","1736","427","753","1223","1737","NULL","4","7","10","12","4","7","10","12"
"1325","眠りの国のステラ","NULL","594","946","1393","NULL","575","937","1405","NULL","NULL","6","9","11","NULL","6","9","11","NULL"
"1326","バッドエンド・シンドローム","NULL","535","892","1497","NULL","491","940","1552","NULL","NULL","5","8","11","NULL","5","9","11","NULL"
"1327","開きたまえ！Next stAge！","NULL","576","861","1463","NULL","556","1040","1473","NULL","NULL","5","9","11","NULL","5","10","11","NULL"
"1328","ピアノ協奏曲第1番”蠍火” (BlackY Remix)","NULL","521","1072","1926","NULL","610","1130","1937","NULL","NULL","5","9","12","NULL","6","10","12","NULL"
"1329","曼荼羅恋々","NULL","561","894","1392","NULL","558","861","1344","NULL","NULL","6","9","11","NULL","6","9","11","NULL"
"1330","魅惑のYUMMYスイーツ","NULL","469","906","1586","NULL","472","861","1728","NULL","NULL","5","9","12","NULL","5","9","12","NULL"
"1331","ラブキラ☆スプラッシュ","NULL","564","838","1267","NULL","517","758","1100","NULL","NULL","5","8","10","NULL","5","8","10","NULL"
"1332","ランカーキラーガール","NULL","583","955","1479","NULL","604","903","1419","NULL","NULL","6","9","11","NULL","6","9","11","NULL"
"1333","錬成人間トリコロイダー","NULL","531","913","1613","NULL","531","902","1516","NULL","NULL","5","8","11","NULL","5","8","11","NULL"
"1334","ABSOLUTE (kors k Remix)","NULL","476","792","1336","NULL","475","819","1313","NULL","NULL","5","8","11","NULL","5","8","11","NULL"
"1335","Ah Hah Yeah","NULL","367","729","1108","NULL","363","728","1098","NULL","NULL","4","8","11","NULL","4","8","11","NULL"
"1336","AMRITA -不滅ノ花-","NULL","455","815","1398","NULL","455","806","1327","NULL","NULL","4","8","11","NULL","4","8","11","NULL"
"1337","apo:llioth","NULL","615","1053","1498","NULL","616","1065","1511","NULL","NULL","5","9","11","NULL","5","9","11","NULL"
"1338","As You Want","NULL","430","753","1246","NULL","437","750","1063","NULL","NULL","4","8","10","NULL","4","8","10","NULL"
"1339","ASIAN VIRTUAL REALITIES (MELTING TOGETHER IN DAZZLING DARKNESS)","NULL","545","964","1752","NULL","568","949","1687","NULL","NULL","5","9","12","NULL","5","9","12","NULL"
"1340","BEMANI PRO LEAGUE Theme","NULL","393","712","996","NULL","495","717","1024","NULL","NULL","4","7","9","NULL","5","7","9","NULL"
"1341","BIGソムタム","284","639","964","1688","NULL","720","1036","1714","NULL","NULL","7","9","12","NULL","7","10","12","NULL"
"1342","BLACK or WHITE?","317","655","1287","2013","NULL","715","1252","1960","NULL","NULL","6","10","12","NULL","7","10","12","NULL"
"1343","Brahma","NULL","621","907","1454","NULL","616","903","1469","NULL","NULL","6","8","11","NULL","6","8","11","NULL"
"1344","Breakin’ Rules","NULL","652","917","1396","NULL","741","1050","1630","NULL","NULL","6","9","11","NULL","7","10","12","NULL"
"1345","Burning Flame","NULL","609","935","1470","1938","586","925","1429","1944","NULL","6","9","11","12","6","9","11","12"
"1346","Chewingood!!!","153","435","761","1317","NULL","446","780","1304","NULL","NULL","4","7","10","NULL","4","7","10","NULL"
"1347","CONNECT-","NULL","520","932","1483","NULL","514","952","1403","NULL","NULL","5","9","11","NULL","5","9","11","NULL"
"1348","COSMIC RAY","NULL","667","1130","1509","NULL","691","1122","1471","NULL","NULL","7","10","12","NULL","7","10","12","NULL"
"1349","Crazy Jackpot","NULL","506","848","1447","NULL","531","858","1429","NULL","NULL","5","9","11","NULL","5","9","11","NULL"
"1350","Danza Aestas","NULL","504","888","1519","NULL","520","883","1558","NULL","NULL","5","8","11","NULL","5","8","11","NULL"
"1351","Dawn Saga","NULL","486","839","1378","NULL","485","838","1406","NULL","NULL","5","9","11","NULL","5","9","12","NULL"
"1352","DENIM","NULL","304","670","883","NULL","415","801","1043","NULL","NULL","4","9","10","NULL","4","10","11","NULL"
"1353","Don’t Stop The Music feat. Kanae Asaba","NULL","349","674","944","NULL","358","668","909","NULL","NULL","3","6","9","NULL","3","6","9","NULL"
"1354","DUAL STRIKER","NULL","602","1277","1960","NULL","631","1270","1951","NULL","NULL","6","10","12","NULL","6","10","12","NULL"
"1355","Empire of Fury","NULL","700","1110","1700","NULL","680","1088","1619","NULL","NULL","7","10","12","NULL","7","10","12","NULL"
"1356","Euphoric Lagoon","NULL","448","815","1312","NULL","449","790","1309","NULL","NULL","5","8","10","NULL","5","8","10","NULL"
"1357","Explorer feat. ぷにぷに電機","NULL","382","661","1082","1461","471","713","1001","1438","NULL","4","7","10","NULL","5","7","10","NULL"
"1358","Farewell to Marrakech","NULL","466","786","1162","NULL","506","853","1279","NULL","NULL","5","8","11","NULL","5","8","11","NULL"
"1359","Fire Beat","NULL","567","935","1392","NULL","492","961","1488","NULL","NULL","6","10","12","NULL","6","10","12","NULL"
"1360","Frisk And Squeak","NULL","407","801","1228","NULL","428","811","1230","NULL","NULL","4","8","10","NULL","4","8","10","NULL"
"1361","GIGA RAID","NULL","493","951","1222","NULL","501","924","1356","NULL","NULL","5","9","11","NULL","5","9","11","NULL"
"1362","Globe Glitter","NULL","538","849","1369","NULL","547","860","1351","NULL","NULL","5","8","11","NULL","5","8","11","NULL"
"1363","HIGH VOLTAGE","NULL","421","730","1148","NULL","420","724","1191","NULL","NULL","4","7","10","NULL","4","7","10","NULL"
"1364","Ignis†Iræ","NULL","558","1243","1970","NULL","571","1219","1968","NULL","NULL","6","10","12","NULL","6","10","12","NULL"
"1365","innocent revolver","NULL","570","1197","1990","NULL","574","1232","1964","NULL","NULL","6","10","12","NULL","6","10","12","NULL"
"1366","Jungle Eater","NULL","513","935","1517","NULL","529","930","1547","NULL","NULL","5","9","11","NULL","5","9","11","NULL"
"1367","LAST DAY","NULL","578","887","1551","NULL","631","878","1545","NULL","NULL","6","9","11","NULL","6","9","11","NULL"
"1368","Level 3","NULL","592","1174","1844","NULL","607","1170","1845","NULL","NULL","6","9","11","NULL","6","9","11","NULL"
"1369","LIKE A VAMPIRE","NULL","536","908","1415","NULL","527","985","1471","NULL","NULL","6","9","11","NULL","5","9","11","NULL"
"1370","LOCUS OF THE TRAVEL","NULL","561","1297","1920","NULL","563","1286","1936","NULL","NULL","6","10","12","NULL","6","10","12","NULL"
"1371","Lovely Howdy Cowboy!!","NULL","550","946","1405","NULL","539","947","1373","NULL","NULL","6","9","11","NULL","6","9","11","NULL"
"1372","MA・TSU・RI","NULL","555","948","1302","NULL","538","963","1224","NULL","NULL","5","9","11","NULL","5","9","11","NULL"
"1373","Mars beach","NULL","311","701","1129","NULL","308","691","1091","NULL","NULL","3","7","10","NULL","3","7","10","NULL"
"1374","MEGAERA","NULL","746","1112","1790","NULL","741","1065","1810","NULL","NULL","7","10","12","NULL","7","10","12","NULL"
"1375","Midnight Drive","NULL","308","675","1016","NULL","319","653","968","NULL","NULL","3","8","10","NULL","3","8","10","NULL"
"1376","MOVE! (We Keep It Movin’)","NULL","387","694","1111","NULL","371","666","1111","NULL","NULL","4","7","10","NULL","4","7","10","NULL"
"1377","Neo Heritage","NULL","481","851","1454","NULL","472","851","1428","NULL","NULL","5","9","11","NULL","5","9","11","NULL"
"1378","Ocean Blue feat. Luschel","NULL","432","736","1244","NULL","434","754","1241","NULL","NULL","4","7","10","NULL","4","7","10","NULL"
"1379","of the first magnitude","NULL","523","976","1503","NULL","522","998","1541","NULL","NULL","5","9","11","NULL","5","9","11","NULL"
"1380","OTOKOZAKA","NULL","542","970","1485","NULL","530","979","1653","NULL","NULL","5","9","11","NULL","5","9","12","NULL"
"1381","Overslept","NULL","583","904","1300","NULL","593","915","1309","NULL","NULL","6","9","11","NULL","6","9","11","NULL"
"1382","Para siempre","NULL","487","785","1461","NULL","500","844","1392","NULL","NULL","5","8","11","NULL","5","8","11","NULL"
"1383","Party Starter","NULL","502","780","1170","NULL","501","819","1139","NULL","NULL","4","8","10","NULL","4","8","10","NULL"
"1384","Pārvatī","NULL","523","940","1467","NULL","529","948","1430","NULL","NULL","5","9","12","NULL","5","9","12","NULL"
"1385","Playball","NULL","351","470","693","NULL","548","816","1073","NULL","NULL","4","6","8","NULL","5","7","9","NULL"
"1386","POLꓘAMAИIA","219","503","961","1507","NULL","572","899","1473","NULL","2","5","9","11","NULL","6","9","11","NULL"
"1387","Ritual of Anubis","NULL","599","945","1422","NULL","580","932","1427","NULL","NULL","6","9","11","NULL","6","9","11","NULL"
"1388","rommmo","NULL","615","946","1762","NULL","612","965","1297","NULL","NULL","6","9","12","NULL","6","9","11","NULL"
"1389","Rosa azuL","NULL","456","926","1417","NULL","477","933","1437","NULL","NULL","5","9","11","NULL","5","9","11","NULL"
"1390","Rowdy","NULL","531","795","1256","NULL","530","804","1311","NULL","NULL","5","8","10","NULL","5","8","11","NULL"
"1391","Rub-a Dub-a","NULL","480","772","1102","NULL","461","737","1113","NULL","NULL","5","8","10","NULL","5","8","9","NULL"
"1392","Rubrum Piano","NULL","492","877","1253","NULL","491","837","1244","NULL","NULL","5","9","11","NULL","5","9","12","NULL"
"1393","S-Bahn","NULL","491","800","1092","NULL","525","799","1093","NULL","NULL","4","7","9","NULL","5","7","9","NULL"
"1394","Scandal","NULL","492","1009","1476","NULL","510","970","1498","NULL","NULL","4","9","11","NULL","4","9","11","NULL"
"1395","Sinus Iridum","NULL","651","1101","1803","NULL","651","1229","1814","NULL","NULL","7","11","12","NULL","7","11","12","NULL"
"1396","smooooch・∀・ (Snail’s House Remix)","NULL","442","807","1193","NULL","436","793","1180","NULL","NULL","5","8","10","NULL","5","8","10","NULL"
"1397","SOLID STATE SQUAD -RISEN RELIC REMIX-","NULL","670","1177","1670","NULL","667","1167","1688","NULL","NULL","6","10","12","NULL","6","10","12","NULL"
"1398","Sugarplum","NULL","445","938","1265","NULL","452","946","1297","NULL","NULL","5","8","10","NULL","5","8","10","NULL"
"1399","Swarm Of Scarabs","NULL","532","784","1212","NULL","532","785","1212","NULL","NULL","6","8","11","NULL","6","8","11","NULL"
"1400","Tell me what you wish feat.らっぷびと","NULL","571","818","1436","NULL","576","860","1514","NULL","NULL","5","8","11","NULL","5","8","11","NULL"
"1401","That Feeling","NULL","364","629","973","NULL","365","634","965","NULL","NULL","4","8","10","NULL","4","8","10","NULL"
"1402","THE PEERLESS UNDER HEAVEN","NULL","595","1066","1818","NULL","592","1032","1801","NULL","NULL","6","10","12","NULL","6","10","12","NULL"
"1403","Tiempo Loco","NULL","545","1035","1884","NULL","550","1062","1740","NULL","NULL","5","10","12","NULL","5","10","12","NULL"
"1404","Viridian","NULL","556","1022","1700","NULL","549","1058","1832","NULL","NULL","5","10","12","NULL","6","9","12","NULL"
"1405","Vitrum","NULL","554","905","1848","NULL","580","910","1703","NULL","NULL","6","9","12","NULL","6","9","12","NULL"
"1406","WAKE UP NOW","NULL","485","739","1008","NULL","542","713","1127","NULL","NULL","5","7","9","NULL","5","7","10","NULL"
"1407","When I Met U","NULL","452","666","1033","NULL","458","659","1032","NULL","NULL","4","7","10","NULL","4","7","10","NULL"
"1408","Winner’s Proof ft. KANASA from bless4","138","385","696","1118","NULL","386","678","1089","NULL","NULL","4","7","10","NULL","4","7","10","NULL"
"1409","X-ray binary","NULL","500","983","1417","NULL","503","991","1424","NULL","NULL","5","9","11","NULL","5","9","11","NULL"
"1410","Zenith","NULL","428","752","1128","NULL","424","767","1227","NULL","NULL","5","9","11","NULL","5","9","11","NULL"
"1411","犬に雨傘","NULL","471","740","1069","NULL","478","745","1086","NULL","NULL","4","7","9","NULL","4","7","9","NULL"
"1412","閠槞彁の願い","NULL","533","1109","1613","NULL","530","1061","1683","NULL","NULL","6","10","12","NULL","6","10","12","NULL"
"1413","ここからよろしく大作戦143","134","485","896","1264","NULL","520","941","1292","NULL","NULL","4","8","10","NULL","4","8","10","NULL"
"1414","スーパー戦湯ババンバーン","NULL","645","1080","1755","NULL","658","1026","1702","NULL","NULL","6","10","12","NULL","6","10","12","NULL"
"1415","水鏡の異界","NULL","452","889","1661","NULL","452","913","1668","NULL","NULL","5","9","12","NULL","5","9","12","NULL"
"1416","世界の果てに約束の凱歌を -ReUnion-","NULL","602","973","1983","NULL","610","995","1918","NULL","NULL","6","9","12","NULL","6","9","12","NULL"
"1417","∀","303","667","1136","1802","NULL","661","1116","1879","NULL","NULL","7","10","12","NULL","7","10","12","NULL"
"1418","ディスコルディア","NULL","701","1229","2073","NULL","724","1258","2089","NULL","NULL","7","10","12","NULL","7","10","12","NULL"
"1419","涙のテ・エストラーニョ・ムーチョ","NULL","700","1045","1422","NULL","683","1010","1582","NULL","NULL","6","9","11","NULL","6","9","11","NULL"
"1420","儚き恋の華","NULL","538","943","1515","NULL","557","972","1531","NULL","NULL","5","9","11","NULL","5","9","11","NULL"
"1421","バッド・スイーツ、バッド・ドリーム","NULL","563","943","1862","NULL","559","936","1543","NULL","NULL","5","9","12","NULL","5","9","12","NULL"
"1422","二人ノ廃城幽踊宴","NULL","637","1216","1927","NULL","658","1231","1935","NULL","NULL","7","10","12","NULL","7","10","12","NULL"
"1423","-65℃","NULL","714","1157","1912","NULL","716","1102","1827","NULL","NULL","7","10","12","NULL","7","10","12","NULL"
"1424","魔法のかくれんぼ","NULL","449","854","1454","NULL","445","865","1530","NULL","NULL","5","9","12","NULL","5","8","12","NULL"
"1425","水無月の雫 ft. 小林まな","NULL","633","908","1313","NULL","625","1006","1471","NULL","NULL","6","8","10","NULL","6","9","11","NULL"
"1426","無意識のフィロソフィア","NULL","571","1136","1682","NULL","574","1136","1658","NULL","NULL","5","9","11","NULL","5","9","11","NULL"
"1427","霧幻メモリア","NULL","482","726","1026","NULL","487","779","1154","NULL","NULL","5","7","10","NULL","5","7","10","NULL"
"1428","乱膳の舞姫","NULL","537","927","1382","NULL","574","919","1392","NULL","NULL","6","9","11","NULL","6","9","11","NULL"
"1429","ABSOLUTE EVIL","127","602","1136","1778","NULL","603","1193","1818","NULL","NULL","6","10","12","NULL","6","10","12","NULL"
"1430","Aftermath","NULL","619","1220","1828","NULL","595","1257","1777","NULL","NULL","6","10","12","NULL","6","10","12","NULL"
"1431","ALTERNATOR","NULL","684","1289","1907","NULL","715","1296","1941","NULL","NULL","7","10","12","NULL","7","10","12","NULL"
"1432","AMICABLE","NULL","519","809","1259","NULL","533","811","1242","NULL","NULL","5","8","10","NULL","5","8","10","NULL"
"1433","ANEMONE","111","390","806","1069","NULL","403","839","1175","NULL","NULL","4","7","10","NULL","4","7","10","NULL"
"1434","Angel’s Ladder","NULL","546","1170","1800","NULL","617","1257","1800","NULL","NULL","6","10","12","NULL","6","10","12","NULL"
"1435","Ariah","NULL","361","753","1090","NULL","384","733","1060","NULL","NULL","4","7","10","NULL","4","7","10","NULL"
"1436","Arkadia","NULL","591","1071","1873","NULL","584","1071","1872","NULL","NULL","5","9","12","NULL","5","9","12","NULL"
"1437","Banger Banger Banger Banger","NULL","496","907","1497","NULL","580","919","1573","NULL","NULL","5","9","11","NULL","6","9","11","NULL"
"1438","Binary Black Hole","NULL","681","1174","2000","NULL","684","1220","2000","NULL","NULL","6","10","12","NULL","6","10","12","NULL"
"1439","Blue Bird feat. Kanae Asaba","NULL","331","563","900","NULL","301","622","889","NULL","NULL","4","6","8","NULL","4","6","8","NULL"
"1440","Brave Spirits","NULL","362","722","1250","NULL","362","718","1249","NULL","NULL","4","8","10","NULL","4","8","10","NULL"
"1441","DISPARATE","NULL","524","927","1243","NULL","544","954","1318","NULL","NULL","5","8","11","NULL","5","9","11","NULL"
"1442","Divine Heaven","NULL","476","1006","1503","NULL","472","983","1567","NULL","NULL","5","9","11","NULL","5","9","11","NULL"
"1443","Don’t believe the hype","NULL","588","1133","1666","NULL","579","1118","1572","NULL","NULL","6","10","12","NULL","6","10","12","NULL"
"1444","DREAM OF SPACE UFO ABDUCTION","NULL","548","922","1371","NULL","568","903","1393","NULL","NULL","5","8","11","NULL","5","8","11","NULL"
"1445","Emera","NULL","450","831","1179","NULL","482","861","1266","NULL","NULL","5","8","11","NULL","5","8","11","NULL"
"1446","EMOTiON TRiPPER","NULL","477","749","1098","NULL","504","769","1103","NULL","NULL","5","8","10","NULL","5","8","10","NULL"
"1447","Ergosphere","NULL","506","950","1391","NULL","517","972","1345","NULL","NULL","5","9","11","NULL","5","9","11","NULL"
"1448","Fantastic Merry-Go-Round","NULL","543","757","1061","NULL","533","752","1088","NULL","NULL","4","7","9","NULL","4","7","9","NULL"
"1449","Fegrix","NULL","640","1172","1687","NULL","649","1175","1803","NULL","NULL","6","10","12","NULL","6","10","12","NULL"
"1450","FINALLY BLAZE","NULL","469","905","1424","NULL","481","878","1278","NULL","NULL","5","9","11","NULL","5","9","11","NULL"
"1451","Flying Castle","NULL","548","1162","1877","NULL","547","1132","1889","NULL","NULL","6","10","12","NULL","6","10","12","NULL"
"1452","Game Changers","NULL","390","740","1395","NULL","386","759","1353","NULL","NULL","4","8","11","NULL","4","8","11","NULL"
"1453","Get set, Go! feat.Kanae Asaba","NULL","425","740","1069","NULL","432","766","1115","NULL","NULL","4","7","10","NULL","4","7","10","NULL"
"1454","GiGaGaHell","NULL","698","1077","1687","NULL","697","1048","1594","NULL","NULL","7","10","12","NULL","7","10","12","NULL"
"1455","hard-wired","NULL","821","1208","1901","NULL","813","1185","1949","NULL","NULL","7","10","12","NULL","7","10","12","NULL"
"1456","Hat Surprise","NULL","349","825","1234","NULL","350","820","1246","NULL","NULL","4","8","11","NULL","4","8","11","NULL"
"1457","HEARTACHE","NULL","251","603","930","NULL","371","689","1045","NULL","NULL","3","7","10","NULL","3","7","10","NULL"
"1458","ILAYZA","NULL","600","1048","1433","NULL","576","1006","1465","NULL","NULL","6","9","11","NULL","6","9","11","NULL"
"1459","kors k’s How to make OTOGE CORE","NULL","418","793","1180","NULL","424","804","1216","NULL","NULL","5","9","11","NULL","5","9","11","NULL"
"1460","Lawes’s Parotia","NULL","454","884","1294","NULL","467","885","1304","NULL","NULL","4","8","11","NULL","4","8","11","NULL"
"1461","Legendary Treasures","NULL","576","900","1450","NULL","593","925","1448","NULL","NULL","5","8","11","NULL","5","8","11","NULL"
"1462","LIVE DRIVING!! feat. 花たん","NULL","817","1275","1947","NULL","830","1334","1988","NULL","NULL","7","10","12","NULL","7","10","12","NULL"
"1463","N.O.","NULL","423","768","1272","NULL","476","742","1117","NULL","NULL","5","8","10","NULL","5","8","10","NULL"
"1464","n/a","NULL","632","1028","1867","NULL","622","1018","1929","NULL","NULL","7","10","12","NULL","7","10","12","NULL"
"1465","No Day But Today!","222","376","680","1000","NULL","376","697","1098","NULL","NULL","4","7","10","NULL","4","7","10","NULL"
"1466","Nocturnal 2097","NULL","480","990","1479","NULL","504","966","1488","NULL","NULL","5","9","11","NULL","5","9","11","NULL"
"1467","Non Stop Rock","NULL","403","672","952","NULL","433","680","933","NULL","NULL","4","8","10","NULL","4","8","10","NULL"
"1468","One for All","NULL","516","910","1632","NULL","524","946","1554","NULL","NULL","5","9","12","NULL","5","9","12","NULL"
"1469","Onyx","NULL","466","767","1214","NULL","471","794","1272","NULL","NULL","5","8","11","NULL","5","8","11","NULL"
"1470","P.O.W.E.R.","NULL","536","897","1186","NULL","487","848","1216","NULL","NULL","5","8","10","NULL","5","8","10","NULL"
"1471","PIRATES BLADE","NULL","464","764","1088","NULL","481","767","1053","NULL","NULL","5","8","10","NULL","5","8","10","NULL"
"1472","PLASMA SOUL NIGHT feat. Nana Takahashi / 709sec.","218","746","1356","2271","NULL","725","1308","2235","NULL","NULL","6","10","12","NULL","6","10","12","NULL"
"1473","Pout","NULL","542","892","1317","NULL","548","961","1323","NULL","NULL","6","9","11","NULL","6","9","11","NULL"
"1474","Prohibited Props","NULL","527","801","1142","NULL","516","822","1179","NULL","NULL","5","8","10","NULL","5","8","10","NULL"
"1475","Purple Perplex","NULL","585","976","1578","NULL","611","971","1501","NULL","NULL","7","10","12","NULL","6","10","12","NULL"
"1476","RAGE feat.H14 of LEONAIR","222","559","1149","1886","NULL","585","1146","1841","NULL","NULL","6","10","12","NULL","6","10","12","NULL"
"1477","Silver Bullet","NULL","612","1044","1662","NULL","614","1061","1788","NULL","NULL","6","10","12","NULL","6","10","12","NULL"
"1478","Skreaming for Salvation","NULL","421","1050","1625","NULL","458","1070","1584","NULL","NULL","6","10","12","NULL","6","10","12","NULL"
"1479","SOLID WYVERN","NULL","615","1010","1333","NULL","598","995","1280","NULL","NULL","6","9","11","NULL","6","9","11","NULL"
"1480","Souhait bleu","NULL","457","977","1407","NULL","467","1007","1457","NULL","NULL","5","9","11","NULL","5","9","11","NULL"
"1481","SPARK IN THE NIGHT","NULL","440","734","1149","NULL","437","705","1118","NULL","NULL","4","8","10","NULL","4","8","10","NULL"
"1482","Stepper","NULL","356","780","1105","NULL","364","783","1112","NULL","NULL","4","8","10","NULL","4","8","10","NULL"
"1483","Tail Lights","NULL","556","990","1589","NULL","594","977","1613","NULL","NULL","5","9","11","NULL","5","9","11","NULL"
"1484","TOMAHAWK","NULL","697","1215","1830","NULL","713","1318","1841","NULL","NULL","6","10","12","NULL","7","10","12","NULL"
"1485","Triple Cross","297","568","1172","1667","NULL","598","1184","1693","NULL","NULL","6","10","12","NULL","6","10","12","NULL"
"1486","Ventriloquist","NULL","396","774","1232","NULL","399","764","1173","NULL","NULL","4","8","11","NULL","4","8","11","NULL"
"1487","Victory Of Ravers","NULL","517","894","1301","NULL","535","864","1168","NULL","NULL","6","9","11","NULL","6","9","10","NULL"
"1488","Votania Beat","NULL","541","829","1284","NULL","543","806","1276","NULL","NULL","5","8","10","NULL","5","8","10","NULL"
"1489","WHA","NULL","627","1206","1946","NULL","687","1127","1928","NULL","NULL","7","10","12","NULL","7","10","12","NULL"
"1490","Wonderful Escape","NULL","488","744","1052","NULL","494","726","1035","NULL","NULL","5","7","10","NULL","5","8","10","NULL"
"1491","Xyndrome","NULL","488","840","1495","NULL","529","901","1480","NULL","NULL","6","9","11","NULL","6","9","11","NULL"
"1492","10000 MILES AWAY","NULL","525","842","1494","NULL","535","874","1504","NULL","NULL","5","9","11","NULL","5","9","11","NULL"
"1493","2 Beasts Unchained","NULL","759","1145","1780","NULL","766","1170","1736","NULL","NULL","7","10","12","NULL","7","10","12","NULL"
"1494","808monkey","NULL","385","606","914","NULL","393","655","969","NULL","NULL","4","7","9","NULL","4","7","9","NULL"
"1495","青の洞窟","NULL","455","1033","1600","NULL","472","1027","1560","NULL","NULL","4","9","11","NULL","4","9","11","NULL"
"1496","アクマフカ","NULL","382","780","1168","NULL","382","774","1229","NULL","NULL","5","8","10","NULL","5","8","10","NULL"
"1497","天邪鬼","209","500","870","1693","NULL","514","906","1758","NULL","NULL","5","9","12","NULL","5","9","12","NULL"
"1498","愛しくてラヴィンユー ft. マナ","NULL","407","757","1209","NULL","395","749","1287","NULL","NULL","4","7","10","NULL","4","7","10","NULL"
"1499","ウツシミウツシ","NULL","640","1049","1595","NULL","634","1129","1590","NULL","NULL","6","9","11","NULL","6","9","11","NULL"
"1500","オールトの雲","NULL","617","1015","1335","NULL","612","973","1313","NULL","NULL","6","9","11","NULL","6","9","11","NULL"
"1501","黒紅掬い","NULL","336","613","916","NULL","334","617","1046","NULL","NULL","4","7","9","NULL","4","7","9","NULL"
"1502","《GRANDMASTER》","NULL","499","939","1504","NULL","496","934","1508","NULL","NULL","5","9","11","NULL","5","9","11","NULL"
"1503","逆月","NULL","760","1194","1920","NULL","768","1177","1848","NULL","NULL","7","10","12","NULL","7","10","12","NULL"
"1504","月とミルク","NULL","500","800","1400","NULL","519","772","1351","NULL","NULL","5","8","11","NULL","5","8","11","NULL"
"1505","ナイトフィクション","NULL","367","790","1087","NULL","380","767","1094","NULL","NULL","4","8","10","NULL","4","8","10","NULL"
"1506","ハイテックトキオ","NULL","560","980","1367","1657","536","969","1385","1670","NULL","6","9","11","12","6","9","11","12"
"1507","ピアノ独奏無言歌 ”灰燼”","NULL","608","1256","1977","NULL","618","1300","2174","NULL","NULL","6","10","12","NULL","6","10","12","NULL"
"1508","烽火連天の刃","NULL","576","1195","1771","NULL","572","1216","1778","NULL","NULL","6","10","12","NULL","6","10","12","NULL"
"1509","禊","NULL","545","1169","1631","NULL","560","1153","1587","NULL","NULL","6","10","12","NULL","6","10","12","NULL"
"1510","めでてえ","NULL","562","875","1336","NULL","559","873","1303","NULL","NULL","5","8","10","NULL","5","8","10","NULL"
"1511","Always We Trust In You","NULL","607","951","1625","NULL","630","925","1692","NULL","NULL","6","9","12","NULL","6","9","12","NULL"
"1512","Ambush Ace","NULL","542","1075","1492","NULL","528","959","1477","NULL","NULL","5","9","11","NULL","5","9","11","NULL"
"1513","AWA AWA","NULL","398","671","1169","NULL","405","705","1237","NULL","NULL","4","7","10","NULL","4","7","10","NULL"
"1514","B.O.D.Y.","NULL","558","1103","1734","NULL","608","1067","1661","NULL","NULL","6","10","12","NULL","6","10","12","NULL"
"1515","Bad Encryption","NULL","678","1015","1633","NULL","692","998","1614","NULL","NULL","7","10","12","NULL","7","10","12","NULL"
"1516","Beyond Evolution","NULL","753","1332","2216","NULL","777","1364","2137","NULL","NULL","7","11","12","NULL","7","11","12","NULL"
"1517","BIGWAVERS","NULL","587","963","1796","NULL","599","1042","1777","NULL","NULL","6","9","12","NULL","6","9","12","NULL"
"1518","C-C-C-N-N-N","NULL","504","898","1434","NULL","525","902","1490","NULL","NULL","5","9","11","NULL","5","9","11","NULL"
"1519","Caldwell 99","NULL","530","975","1293","NULL","541","961","1338","NULL","NULL","6","9","11","NULL","6","9","11","NULL"
"1520","Chaotoxin","NULL","599","888","1705","NULL","615","869","1746","NULL","NULL","5","9","12","NULL","5","9","12","NULL"
"1521","CUE CUE RESCUE","267","580","853","1278","NULL","555","838","1244","NULL","NULL","5","8","10","NULL","5","8","10","NULL"
"1522","DIAMOND JACKAL","NULL","540","839","1313","NULL","531","800","1213","NULL","NULL","5","9","11","NULL","5","9","11","NULL"
"1523","Dreaming Dream","NULL","423","719","1143","NULL","426","705","1118","NULL","NULL","4","7","10","NULL","4","7","10","NULL"
"1524","Driver","NULL","450","651","906","NULL","455","647","930","NULL","NULL","5","7","9","NULL","5","7","9","NULL"
"1525","EXODUS SIGN","NULL","626","921","1366","NULL","633","946","1275","NULL","NULL","6","9","11","NULL","6","9","11","NULL"
"1526","Fading Stars","NULL","553","831","1367","NULL","581","874","1292","NULL","NULL","5","8","10","NULL","5","8","10","NULL"
"1527","FLARE -炎舞- ft.Nana Takahashi","NULL","573","961","1455","NULL","575","970","1337","NULL","NULL","5","8","10","NULL","5","8","10","NULL"
"1528","Get On Your Feet","NULL","573","914","1384","NULL","587","944","1347","NULL","NULL","5","9","11","NULL","5","9","11","NULL"
"1529","GET UP AGAIN","NULL","564","856","1226","NULL","588","821","1227","NULL","NULL","6","8","10","NULL","6","8","10","NULL"
"1530","Hat Surprise (Season 2)","NULL","514","928","1729","NULL","524","947","1703","NULL","NULL","5","9","12","NULL","5","9","12","NULL"
"1531","I","NULL","632","1191","1901","NULL","617","1151","1890","NULL","NULL","6","10","12","NULL","6","10","12","NULL"
"1532","kors k’s How to make OTOGE CORE 「LONG」","NULL","607","1216","1863","NULL","610","1219","1859","NULL","NULL","6","10","12","NULL","6","10","12","NULL"
"1533","LADS","NULL","474","834","1155","NULL","519","720","1349","NULL","NULL","5","7","10","NULL","5","7","10","NULL"
"1534","LOUDER ROLLING THUNDER","NULL","555","1029","1767","NULL","635","1026","1650","NULL","NULL","6","10","12","NULL","6","10","12","NULL"
"1535","Luna Plena","NULL","438","814","1309","NULL","455","794","1334","NULL","NULL","5","8","10","NULL","5","8","10","NULL"
"1536","mathematical good-bye","NULL","589","925","1427","NULL","576","911","1407","NULL","NULL","5","8","10","NULL","5","8","10","NULL"
"1537","MAX 360","NULL","616","1192","1610","NULL","615","1190","1610","NULL","NULL","6","10","12","NULL","6","10","12","NULL"
"1538","Meissa","NULL","465","826","1435","NULL","463","825","1415","NULL","NULL","5","9","12","NULL","5","9","12","NULL"
"1539","Move UR Body","NULL","597","919","1327","NULL","544","919","1358","NULL","NULL","6","9","11","NULL","6","9","11","NULL"
"1540","Next Level","NULL","477","817","1100","NULL","473","816","1135","NULL","NULL","5","8","10","NULL","5","8","10","NULL"
"1541","No Border","NULL","589","1013","1895","NULL","592","1075","1953","NULL","NULL","6","10","12","NULL","6","10","12","NULL"
"1542","ONE AND ONLY","NULL","600","919","1639","NULL","620","1018","1646","NULL","NULL","6","9","12","NULL","6","10","12","NULL"
"1543","OVER VOLTAGE","NULL","560","935","1332","NULL","583","954","1371","NULL","NULL","6","9","11","NULL","6","9","11","NULL"
"1544","Peaktime Booster","NULL","588","959","1663","NULL","588","909","1572","NULL","NULL","7","10","12","NULL","6","10","12","NULL"
"1545","Peng-Ging Sky High!!","NULL","550","746","1336","NULL","558","760","1341","NULL","NULL","5","7","10","NULL","5","7","10","NULL"
"1546","Perfect Plan","NULL","595","912","1328","NULL","597","913","1305","NULL","NULL","6","9","11","NULL","6","9","11","NULL"
"1547","Programmed Genom","NULL","570","826","1214","NULL","559","829","1155","NULL","NULL","5","8","11","NULL","5","8","11","NULL"
"1548","Red Soul","NULL","543","915","1494","NULL","532","931","1463","NULL","NULL","6","9","11","NULL","6","9","11","NULL"
"1549","Rewind Time","NULL","361","658","1107","NULL","360","655","1215","NULL","NULL","4","7","10","NULL","4","7","10","NULL"
"1550","RINИE","NULL","604","1186","1788","NULL","604","1172","1767","NULL","NULL","5","10","12","NULL","5","10","12","NULL"
"1551","Ruler or Loser","NULL","494","845","1339","NULL","493","855","1351","NULL","NULL","5","8","11","NULL","5","8","11","NULL"
"1552","Seraph","NULL","500","922","1227","NULL","503","859","1234","NULL","NULL","5","9","11","NULL","5","9","11","NULL"
"1553","Shadow World","NULL","498","836","1369","NULL","510","885","1365","NULL","NULL","4","8","11","NULL","4","8","11","NULL"
"1554","Shamshir","NULL","557","751","1132","NULL","552","749","1129","NULL","NULL","5","8","10","NULL","5","8","10","NULL"
"1555","Somnidiscotheque","NULL","680","1053","1776","NULL","682","1038","1788","NULL","NULL","6","11","12","NULL","6","10","12","NULL"
"1556","STAR BEAT","NULL","427","880","1230","NULL","446","882","1271","NULL","NULL","4","8","10","NULL","4","8","10","NULL"
"1557","STRAIGHT TO THE STARS","NULL","530","879","1506","NULL","486","857","1456","NULL","NULL","5","8","11","NULL","5","8","11","NULL"
"1558","Stylus","NULL","627","993","1440","NULL","648","1019","1741","NULL","NULL","6","9","11","NULL","6","10","12","NULL"
"1559","Summerblue","186","551","886","1232","NULL","552","885","1271","NULL","NULL","5","8","10","NULL","5","8","10","NULL"
"1560","Sunny Day Vibes","NULL","482","829","1150","NULL","562","930","1211","NULL","NULL","5","8","10","NULL","6","9","11","NULL"
"1561","Super Freak","NULL","565","963","1754","NULL","606","974","1789","NULL","NULL","5","9","12","NULL","5","9","12","NULL"
"1562","suspicions","NULL","609","1174","1908","NULL","666","1224","1914","NULL","NULL","6","10","12","NULL","6","10","12","NULL"
"1563","Swing My Wonderland","NULL","662","1178","1570","NULL","662","1147","1500","NULL","NULL","5","9","11","NULL","5","9","11","NULL"
"1564","TECHNOPHOBIA","NULL","404","852","1544","NULL","437","839","1538","NULL","NULL","5","8","12","NULL","5","8","12","NULL"
"1565","The Clown of 24stairs","NULL","579","1146","1788","NULL","572","1117","1786","NULL","NULL","6","10","12","NULL","6","10","12","NULL"
"1566","THE TIME MACHINE","NULL","552","900","1350","NULL","574","856","1328","NULL","NULL","6","9","11","NULL","6","9","11","NULL"
"1567","VØID","NULL","684","1028","1712","NULL","685","991","1709","NULL","NULL","7","10","12","NULL","7","10","12","NULL"
"1568","VOLAQUAS","NULL","670","1119","1982","NULL","667","1141","2003","NULL","NULL","7","10","12","NULL","7","10","12","NULL"
"1569","VOLCANIC BIGBEAT","NULL","552","932","1444","NULL","568","922","1402","NULL","NULL","6","9","11","NULL","6","9","11","NULL"
"1570","wanna be a ”BAD GIRL” feat. Nana Takahashi","NULL","401","665","1029","1327","395","661","1002","1413","NULL","3","6","9","10","3","6","9","10"
"1571","Xerulean","NULL","690","1049","1802","NULL","709","1043","1804","NULL","NULL","7","10","12","NULL","7","10","12","NULL"
"1572","ZEИITH","NULL","580","1020","1531","NULL","597","1008","1502","NULL","NULL","6","9","11","NULL","6","9","11","NULL"
"1573","3V0","NULL","530","929","1530","NULL","530","930","1530","NULL","NULL","5","9","11","NULL","5","9","11","NULL"
"1574","7 Colors","NULL","318","607","970","NULL","318","597","997","NULL","NULL","4","7","10","NULL","4","7","10","NULL"
"1575","[ ]DENTITY","NULL","590","1070","2000","NULL","616","1048","2000","NULL","NULL","6","10","12","NULL","6","10","12","NULL"
"1576","雨のちパノラマセカイ","NULL","413","721","1112","NULL","491","798","1115","NULL","NULL","4","7","9","NULL","4","7","10","NULL"
"1577","あるビー！ feat.ころねぽち","NULL","500","900","1457","NULL","502","885","1474","NULL","NULL","4","9","11","NULL","4","9","11","NULL"
"1578","栄冠のカンパネラ","NULL","687","1101","2000","NULL","700","1179","2000","NULL","NULL","7","10","12","NULL","7","10","12","NULL"
"1579","《ORDERBREAKER》","NULL","511","815","1257","NULL","521","750","1298","NULL","NULL","6","9","11","NULL","6","9","11","NULL"
"1580","Ōu Legends","NULL","581","1068","1687","NULL","600","1063","1701","NULL","NULL","6","10","12","NULL","6","10","12","NULL"
"1581","神のシナリオ","NULL","593","882","1652","NULL","589","904","1630","NULL","NULL","6","9","12","NULL","6","9","12","NULL"
"1582","#CMFLG","NULL","601","1186","1748","NULL","625","1152","1562","NULL","NULL","6","10","12","NULL","6","10","12","NULL"
"1583","きゅんです。","NULL","367","724","1177","NULL","384","718","1202","NULL","NULL","4","7","10","NULL","4","7","10","NULL"
"1584","響花水月","NULL","608","974","1487","NULL","586","1039","1545","NULL","NULL","6","9","11","NULL","6","9","11","NULL"
"1585","昏き甲鉄のヴェルガ","NULL","458","813","1177","NULL","431","766","1229","NULL","NULL","4","7","10","NULL","4","7","10","NULL"
"1586","■□模様","NULL","495","782","1337","NULL","527","809","1380","NULL","NULL","5","8","10","NULL","5","8","10","NULL"
"1587","サヨナラ・ヘヴン-Celtic Chip Dance Mix-","NULL","461","775","1319","NULL","443","736","1280","NULL","NULL","4","8","10","NULL","4","7","10","NULL"
"1588","≡+≡","301","698","1069","1520","NULL","696","1031","1573","NULL","NULL","7","10","11","NULL","7","10","11","NULL"
"1589","罪過の聖堂","NULL","449","708","1080","NULL","449","731","1081","NULL","NULL","5","8","10","NULL","4","9","11","NULL"
"1590","湘南ロンリーMIDNIGHT RAIN","NULL","493","918","1438","NULL","518","891","1305","NULL","NULL","5","8","10","NULL","5","8","10","NULL"
"1591","ぞうしょく！？マイデンティティ","NULL","645","1177","1851","NULL","645","1165","1787","NULL","NULL","6","10","12","NULL","6","10","12","NULL"
"1592","ちょえちょえまぎか","NULL","619","1159","1529","2098","619","1136","1512","2044","NULL","6","10","11","12","6","10","11","12"
"1593","月と夢の跡 ft. マナ","NULL","484","780","1269","NULL","488","808","1233","NULL","NULL","5","8","10","NULL","5","8","10","NULL"
"1594","儚キ戀ノ幻想譚","298","797","1169","1808","NULL","806","1139","1800","NULL","NULL","8","10","12","NULL","7","10","12","NULL"
"1595","パーフェクトイーター","NULL","591","1057","1531","NULL","599","1060","1541","NULL","NULL","5","9","11","NULL","5","9","11","NULL"
"1596","真夜中のバベル","NULL","360","607","877","NULL","357","597","891","NULL","NULL","4","7","9","NULL","4","7","9","NULL"
"1597","楽園追放","NULL","476","796","1228","NULL","496","776","1223","NULL","NULL","5","8","10","NULL","5","8","10","NULL"
"1598","輪廻の鴉","NULL","520","910","1398","NULL","584","910","1398","NULL","NULL","5","9","11","NULL","6","9","11","NULL"
"1599","恋愛＝精度×認識力","NULL","825","1220","1756","NULL","805","1174","1716","NULL","NULL","7","10","12","NULL","7","10","12","NULL"
"1600","惑星☆ロリポップ","NULL","397","806","1425","NULL","413","790","1459","NULL","NULL","4","8","11","NULL","4","7","11","NULL"
"1601","ACTØ","NULL","639","1124","1534","NULL","620","1043","1606","NULL","NULL","6","10","12","NULL","6","10","12","NULL"
"1602","Aeterna","NULL","498","797","1285","NULL","507","789","1258","NULL","NULL","4","8","10","NULL","4","8","11","NULL"
"1603","Akatsuki","NULL","509","789","1135","NULL","479","759","1041","NULL","NULL","5","7","10","NULL","5","7","10","NULL"
"1604","Amethyst","NULL","667","933","1322","NULL","643","953","1248","NULL","NULL","6","9","11","NULL","6","9","11","NULL"
"1605","Bitter & Lucky","NULL","443","704","1287","NULL","456","873","1369","NULL","NULL","4","7","10","NULL","4","8","10","NULL"
"1606","CADENZA","NULL","775","1277","2357","NULL","769","1302","2354","NULL","NULL","7","10","12","NULL","7","10","12","NULL"
"1607","Chemical Colours","NULL","526","1035","1416","NULL","547","1021","1426","NULL","NULL","5","9","11","NULL","5","9","11","NULL"
"1608","COUNTING SHEEP ft. Kanae Asaba","NULL","339","659","1114","NULL","343","689","1077","NULL","NULL","4","7","10","NULL","4","7","10","NULL"
"1609","Cult Invitation","NULL","621","984","1804","NULL","617","994","1779","NULL","NULL","6","10","12","NULL","6","10","12","NULL"
"1610","Dahlia","NULL","665","1095","1617","NULL","694","1030","1600","NULL","NULL","6","10","12","NULL","6","10","12","NULL"
"1611","DAZZLE ATTACK","277","494","847","1435","NULL","500","858","1419","NULL","NULL","5","8","11","NULL","5","8","11","NULL"
"1612","Deep Sea Mystery","NULL","567","749","997","NULL","566","815","1057","NULL","NULL","6","8","10","NULL","6","9","11","NULL"
"1613","Demon March","NULL","749","1209","1875","NULL","789","1294","1984","NULL","NULL","6","10","12","NULL","6","10","12","NULL"
"1614","Echoes of Sunfall","NULL","522","838","1518","NULL","537","817","1410","NULL","NULL","5","8","11","NULL","5","8","11","NULL"
"1615","frequent","NULL","665","1178","1900","NULL","655","1260","1821","NULL","NULL","5","10","12","NULL","5","10","12","NULL"
"1616","Get Higher","NULL","496","889","1171","NULL","509","909","1259","NULL","NULL","6","9","11","NULL","6","9","11","NULL"
"1617","Get Wicked","NULL","454","744","1251","NULL","464","744","1132","NULL","NULL","5","8","10","NULL","5","8","10","NULL"
"1618","Ghost Pulse","NULL","537","852","1409","NULL","517","877","1420","NULL","NULL","6","9","12","NULL","6","9","12","NULL"
"1619","Glitch N Ride","NULL","461","834","1389","NULL","513","846","1349","NULL","NULL","7","10","12","NULL","7","10","12","NULL"
"1620","GloriosA","NULL","622","1015","1437","NULL","601","920","1322","NULL","NULL","6","9","11","NULL","6","9","11","NULL"
"1621","GLORIOUS HAMMER","NULL","560","993","1587","NULL","611","1040","1520","NULL","NULL","6","9","11","NULL","6","9","11","NULL"
"1622","Hard Breaker","NULL","391","793","1286","NULL","416","797","1234","NULL","NULL","4","8","10","NULL","4","8","10","NULL"
"1623","Hat Surprise (Season 3)","NULL","632","1107","1384","NULL","623","1062","1345","NULL","NULL","6","10","11","NULL","6","10","11","NULL"
"1624","i-ii","NULL","559","911","1499","NULL","555","899","1444","NULL","NULL","6","9","11","NULL","6","9","11","NULL"
"1625","INHERITANCE","NULL","553","913","1432","NULL","552","896","1376","NULL","NULL","6","9","11","NULL","6","9","11","NULL"
"1626","Iris","208","421","775","1109","NULL","488","809","1163","NULL","NULL","4","7","10","NULL","4","7","10","NULL"
"1627","Jumper","NULL","458","763","1214","NULL","466","733","1129","NULL","NULL","4","7","10","NULL","4","7","10","NULL"
"1628","Just Gimme","NULL","486","869","1393","NULL","470","908","1412","NULL","NULL","5","8","11","NULL","5","8","11","NULL"
"1629","JUSTICE/GUILTY feat. Nana Takahashi & 709sec.","NULL","882","1271","1959","NULL","879","1275","1909","NULL","NULL","7","10","12","NULL","7","10","12","NULL"
"1630","MAXIMUM CHEAT GIRL","NULL","628","1133","1842","NULL","653","1166","1787","NULL","NULL","6","10","12","NULL","6","10","12","NULL"
"1631","Million Dollar","NULL","599","1028","1762","NULL","663","1035","1759","NULL","NULL","6","10","12","NULL","6","10","12","NULL"
"1632","Monkey Business","NULL","369","809","1324","NULL","393","787","1290","NULL","NULL","5","8","11","NULL","5","8","11","NULL"
"1633","Mukade","NULL","572","967","1645","NULL","593","966","1546","NULL","NULL","6","9","11","NULL","6","9","11","NULL"
"1634","My Sweet Bird?","NULL","427","769","1107","1507","432","784","1065","1546","NULL","4","7","9","11","4","7","9","11"
"1635","NEEDLESS MY LOVE FOR YOU","NULL","509","830","1224","NULL","512","835","1301","NULL","NULL","5","8","10","NULL","5","8","10","NULL"
"1636","Out of Control","NULL","592","1178","1598","NULL","598","1200","1649","NULL","NULL","6","10","12","NULL","6","10","12","NULL"
"1637","out of disk space","NULL","565","998","1305","NULL","546","948","1289","NULL","NULL","6","9","11","NULL","6","9","11","NULL"
"1638","PILGRIM","NULL","494","870","1381","NULL","470","772","1359","NULL","NULL","5","9","11","NULL","5","8","11","NULL"
"1639","Psychedelic Intelligence","NULL","636","960","1448","NULL","641","975","1450","NULL","NULL","6","9","11","NULL","6","9","11","NULL"
"1640","Red Determination","NULL","534","815","1355","NULL","531","820","1373","NULL","NULL","5","8","11","NULL","5","8","11","NULL"
"1641","Resonant","NULL","542","1206","1864","NULL","580","1173","1824","NULL","NULL","5","10","12","NULL","6","10","12","NULL"
"1642","Shapeshifter","NULL","566","874","1283","NULL","574","863","1335","NULL","NULL","6","9","10","NULL","6","9","11","NULL"
"1643","Sirius","NULL","514","850","1637","NULL","513","850","1533","NULL","NULL","5","9","12","NULL","5","9","12","NULL"
"1644","SOLAR ECLIPSE","NULL","762","1265","1893","NULL","761","1276","1901","NULL","NULL","7","10","12","NULL","7","10","12","NULL"
"1645","So What","NULL","315","590","929","NULL","320","618","897","NULL","NULL","3","6","9","NULL","3","6","9","NULL"
"1646","Speculation","NULL","512","915","1530","NULL","520","953","1618","NULL","NULL","5","9","11","NULL","5","9","11","NULL"
"1647","Submerge Serenade","NULL","548","923","1486","NULL","543","940","1565","NULL","NULL","5","9","11","NULL","5","9","11","NULL"
"1648","Sword of Vengeance","NULL","726","1115","1650","NULL","747","1181","1615","NULL","NULL","7","10","12","NULL","7","10","12","NULL"
"1649","The Last Apocalypse","NULL","717","1276","1903","NULL","728","1205","1861","NULL","NULL","6","10","12","NULL","6","10","12","NULL"
"1650","This Is Club Musik feat. 大久保紅葉","NULL","556","901","1343","NULL","557","889","1330","NULL","NULL","6","9","11","NULL","6","9","11","NULL"
"1651","Time Distortion pt.2(IIDX Edit)","NULL","667","995","1492","NULL","700","1009","1498","NULL","NULL","6","9","11","NULL","6","9","11","NULL"
"1652","TITANIUM RIDERS","NULL","450","762","1071","NULL","448","797","1095","NULL","NULL","5","8","10","NULL","5","8","10","NULL"
"1653","TRIP THE DEEP","NULL","512","832","1289","NULL","500","785","1408","NULL","NULL","5","8","11","NULL","5","8","11","NULL"
"1654","Tripping Jumping","NULL","424","805","1166","NULL","436","830","1195","NULL","NULL","4","8","10","NULL","4","8","10","NULL"
"1655","Vermilion Carol","NULL","694","1139","1837","NULL","700","1210","1773","NULL","NULL","7","10","12","NULL","7","10","12","NULL"
"1656","Vulnerability","NULL","673","1017","1885","NULL","673","1002","1901","NULL","NULL","7","10","12","NULL","7","10","12","NULL"
"1657","WaterCube Pf.(RX-Ver.S.P.L.)","NULL","295","700","1120","NULL","351","735","1143","NULL","NULL","3","7","10","NULL","3","7","10","NULL"
"1658","winkle 2 winkle","NULL","535","954","1408","NULL","529","920","1381","NULL","NULL","6","9","11","NULL","6","9","11","NULL"
"1659","Xb10r","NULL","612","1208","1833","NULL","612","1254","1801","NULL","NULL","6","10","12","NULL","6","10","12","NULL"
"1660","ZEROIN ON THE LIGHT","NULL","567","887","1345","NULL","574","884","1350","NULL","NULL","5","8","10","NULL","5","8","10","NULL"
"1661","20XX","NULL","611","919","1370","NULL","604","902","1344","NULL","NULL","6","9","11","NULL","6","9","11","NULL"
"1662","アタシ完全絶対正義ちゃん！","NULL","498","813","1082","NULL","512","814","1096","NULL","NULL","5","8","10","NULL","5","8","10","NULL"
"1663","神様、つれない。","NULL","352","721","1083","NULL","361","726","1183","NULL","NULL","4","7","10","NULL","4","7","10","NULL"
"1664","今宵、ロマンス横丁。","NULL","576","1195","1714","NULL","592","1198","1649","NULL","NULL","4","7","10","NULL","4","7","10","NULL"
"1665","灼熱Beach Side Bunny (かめりあ’s ”Summertime D’n’B” Remix)","NULL","543","1001","1647","NULL","561","1017","1634","NULL","NULL","5","9","12","NULL","6","10","12","NULL"
"1666","終焔のClaudia","NULL","719","1014","1406","NULL","698","1015","1394","NULL","NULL","8","10","12","NULL","7","10","12","NULL"
"1667","シンデレラ","271","438","780","1119","NULL","457","791","1165","NULL","NULL","5","8","10","NULL","5","8","10","NULL"
"1668","センチメンタル・サマー","NULL","337","652","1004","NULL","356","669","1028","NULL","NULL","3","6","9","NULL","3","6","9","NULL"
"1669","電光","NULL","545","976","1560","NULL","593","1014","1616","NULL","NULL","6","10","12","NULL","6","10","12","NULL"
"1670","電子になりたい","NULL","425","729","1017","NULL","446","715","1001","NULL","NULL","5","8","10","NULL","5","8","10","NULL"
"1671","電腦都市","NULL","717","1181","1738","NULL","718","1208","1745","NULL","NULL","7","10","12","NULL","7","10","12","NULL"
"1672","ないないルーティン","NULL","298","691","1053","NULL","356","676","931","NULL","NULL","3","7","10","NULL","3","7","10","NULL"
"1673","夏風邪デスコ","159","412","892","1339","NULL","406","898","1283","NULL","NULL","4","8","10","NULL","4","8","10","NULL"
"1674","果たせぬ約束 ft. 小林マナ","NULL","592","988","1515","NULL","564","1019","1514","NULL","NULL","6","9","11","NULL","5","9","11","NULL"
"1675","《PL|RAYER》","NULL","469","886","1420","NULL","463","852","1421","NULL","NULL","5","9","12","NULL","5","9","12","NULL"
"1676","摩天楼","NULL","348","762","1309","NULL","379","805","1316","NULL","NULL","4","8","12","NULL","4","9","12","NULL"
"1677","夢縁","NULL","605","1073","1515","NULL","573","1095","1506","NULL","NULL","6","10","11","NULL","6","10","11","NULL"
"1678","流桜ノ門","NULL","510","804","1075","NULL","515","829","1099","NULL","NULL","5","8","10","NULL","5","8","10","NULL"
"1679","れとりば！","NULL","431","671","1032","NULL","425","657","996","NULL","NULL","4","7","9","NULL","4","7","9","NULL"
"1680","惑星鉄道","NULL","589","1119","1633","NULL","609","1156","1643","NULL","NULL","7","11","12","NULL","7","11","12","NULL"
"1681","ADAMANT","NULL","580","995","1539","NULL","580","995","1525","NULL","NULL","6","9","11","NULL","6","9","11","NULL"
"1682","Aqvion","NULL","598","998","1773","NULL","600","1046","1774","NULL","NULL","6","9","12","NULL","6","9","12","NULL"
"1683","Bang-Boo Bumble","NULL","573","993","1479","NULL","573","989","1476","NULL","NULL","5","9","11","NULL","5","9","11","NULL"
"1684","Bring The Fire","NULL","598","991","1734","NULL","615","1057","1639","NULL","NULL","6","9","12","NULL","6","9","12","NULL"
"1685","Butterfly Twist","NULL","524","801","1373","NULL","528","830","1308","NULL","NULL","5","8","11","NULL","5","8","11","NULL"
"1686","CHAOTIC SUNBIRD","NULL","623","885","1662","NULL","627","882","1512","NULL","NULL","6","9","11","NULL","6","9","11","NULL"
"1687","Chasing After YOU ～夢の欠片～ ft. 小林マナ","NULL","496","725","1032","NULL","507","748","1051","NULL","NULL","NULL","5","7","10","NULL","5","7","10"
"1688","Constellation","NULL","487","928","1435","NULL","527","888","1310","NULL","NULL","5","9","11","NULL","5","9","11","NULL"
"1689","COSMIC V3LOCITY","NULL","637","1188","1716","NULL","623","1174","1730","NULL","NULL","6","10","12","NULL","6","10","12","NULL"
"1690","destination","NULL","523","1140","1698","NULL","523","1155","1770","NULL","NULL","5","10","12","NULL","5","10","12","NULL"
"1691","Digital Radiance","NULL","578","723","1018","NULL","584","779","1021","NULL","NULL","5","7","9","NULL","5","7","9","NULL"
"1692","DIVINE JUDGEMENT","NULL","520","1025","1416","NULL","537","1065","1455","NULL","NULL","6","10","12","NULL","6","10","12","NULL"
"1693","Dreamship","NULL","469","685","978","NULL","463","678","1030","NULL","NULL","4","7","9","NULL","4","7","9","NULL"
"1694","Drop Syndicate","NULL","600","1001","1861","NULL","607","959","1851","NULL","NULL","6","9","12","NULL","6","9","12","NULL"
"1695","Eleanor","NULL","404","707","1219","NULL","407","698","1209","NULL","NULL","4","7","10","NULL","4","7","10","NULL"
"1696","ELYSIUM","NULL","466","790","1377","NULL","509","821","1384","NULL","NULL","5","8","11","NULL","5","8","11","NULL"
"1697","everlastingeuphoria:","NULL","562","855","1243","NULL","516","852","1220","NULL","NULL","5","9","11","NULL","5","9","11","NULL"
"1698","EX-MASSIVE FIGHTER","NULL","619","1091","1725","NULL","614","1099","1703","NULL","NULL","6","10","12","NULL","6","10","12","NULL"
"1699","EYE OF THE HEAVEN","NULL","512","1216","1824","NULL","529","1228","1804","NULL","NULL","6","10","12","NULL","6","10","12","NULL"
"1700","FERMI♡PARADOX","NULL","584","839","1274","NULL","596","835","1326","NULL","NULL","5","8","10","NULL","5","8","10","NULL"
"1701","Fiery Stallion","NULL","449","849","1220","NULL","470","870","1176","NULL","NULL","4","9","11","NULL","4","9","11","NULL"
"1702","Flämingo","NULL","545","1208","1800","NULL","544","1200","1810","NULL","NULL","5","10","12","NULL","5","10","12","NULL"
"1703","FlyAway","NULL","633","1050","1648","NULL","635","1019","1683","NULL","NULL","6","10","12","NULL","6","10","12","NULL"
"1704","Galaxy Collapse","NULL","419","642","962","NULL","425","665","985","NULL","NULL","5","7","10","NULL","5","7","10","NULL"
"1705","get set mind","NULL","516","797","1230","NULL","501","806","1236","NULL","NULL","5","8","10","NULL","5","8","10","NULL"
"1706","God Mind","NULL","780","1349","2155","NULL","803","1220","2157","NULL","NULL","7","10","12","NULL","7","10","12","NULL"
"1707","Here We Go Now","NULL","581","1127","1690","NULL","578","1031","1498","NULL","NULL","6","10","12","NULL","6","10","12","NULL"
"1708","hora de verdad","NULL","574","1055","1564","NULL","555","1019","1574","NULL","NULL","6","10","12","NULL","6","10","12","NULL"
"1709","IN BETWEEN","NULL","461","765","1201","NULL","462","767","1163","NULL","NULL","5","9","11","NULL","5","9","11","NULL"
"1710","KOTONOHA ft. Kotoha","NULL","421","665","994","NULL","457","684","1007","NULL","NULL","5","8","10","NULL","5","8","10","NULL"
"1711","lowercase lifetime","NULL","544","1066","1407","NULL","550","1012","1430","NULL","NULL","5","9","11","NULL","5","9","11","NULL"
"1712","MARLIN","NULL","609","1170","1798","NULL","629","1166","1795","NULL","NULL","6","10","12","NULL","6","10","12","NULL"
"1713","Mighty Cutie","NULL","579","1013","1394","NULL","570","1017","1401","NULL","NULL","5","8","10","NULL","5","8","10","NULL"
"1714","MVP","NULL","465","772","1318","NULL","466","733","1264","NULL","NULL","5","8","11","NULL","5","8","11","NULL"
"1715","NOIXIA","NULL","714","1173","2027","NULL","716","1212","2009","NULL","NULL","7","10","12","NULL","7","10","12","NULL"
"1716","Pinky Happy Crazy","NULL","674","1287","1833","NULL","696","1294","1909","NULL","NULL","6","10","12","NULL","6","10","12","NULL"
"1717","PIT A PAT","NULL","518","922","1299","NULL","482","912","1333","NULL","NULL","5","8","10","NULL","5","8","10","NULL"
"1718","PopなEDEN","NULL","490","827","1235","NULL","490","823","1217","NULL","NULL","5","9","11","NULL","5","9","11","NULL"
"1719","Raspberry Potion (feat.あれたん♡ & ぎゃるのしん☆)","NULL","456","910","1267","NULL","472","890","1242","NULL","NULL","5","9","11","NULL","5","9","11","NULL"
"1720","RAVE SYNDROME","NULL","515","876","1402","NULL","516","857","1377","NULL","NULL","6","9","11","NULL","6","8","11","NULL"
"1721","Roar of Chronos","NULL","626","1120","1991","NULL","628","1115","1974","NULL","NULL","6","10","12","NULL","6","10","12","NULL"
"1722","Satellite Burst","NULL","627","1119","2000","NULL","609","1217","1900","NULL","NULL","6","10","12","NULL","6","10","12","NULL"
"1723","Secret Rouge","NULL","428","835","1165","NULL","443","828","1189","NULL","NULL","5","8","10","NULL","5","8","10","NULL"
"1724","Shirdal","NULL","441","780","1269","NULL","477","799","1136","NULL","NULL","5","8","10","NULL","5","8","10","NULL"
"1725","Show Me All Your Love","NULL","568","1018","1482","NULL","581","1032","1426","NULL","NULL","5","9","11","NULL","5","9","11","NULL"
"1726","SISYPHUS","NULL","525","915","1399","NULL","520","914","1409","NULL","NULL","6","10","12","NULL","6","10","12","NULL"
"1727","Skratch Education Lv-1","NULL","558","952","1572","NULL","630","962","1566","NULL","NULL","7","10","12","NULL","7","10","12","NULL"
"1728","Slumber☆Party","NULL","422","904","1166","NULL","500","778","1218","NULL","NULL","5","8","10","NULL","5","8","11","NULL"
"1729","Space In Time","NULL","434","805","1047","NULL","443","813","1035","NULL","NULL","6","9","11","NULL","6","9","11","NULL"
"1730","Stargazing Trip ～星 探す旅～ ft. 小林マナ","NULL","545","903","1344","NULL","545","900","1281","NULL","NULL","5","9","11","NULL","5","9","11","NULL"
"1731","SμG@R RU$#","NULL","728","1275","2037","NULL","732","1291","2139","NULL","NULL","7","10","12","NULL","7","10","12","NULL"
"1732","TECHNO RUMBLE","NULL","593","937","1481","NULL","568","913","1553","NULL","NULL","6","9","11","NULL","6","9","11","NULL"
"1733","u gotta beat","NULL","686","1189","1806","NULL","709","1182","1777","NULL","NULL","6","10","12","NULL","6","10","12","NULL"
"1734","Uaigh Gealaí","NULL","668","1157","1972","NULL","695","1141","1994","NULL","NULL","6","10","12","NULL","6","10","12","NULL"
"1735","Vibing! Shake it!","NULL","490","845","1263","NULL","518","827","1211","NULL","NULL","5","8","10","NULL","5","8","10","NULL"
"1736","Without Heaven","NULL","672","1127","1912","NULL","645","1011","1794","NULL","NULL","7","10","12","NULL","7","10","12","NULL"
"1737","XHRONOXAPSULΞ","NULL","600","1231","2077","NULL","724","1263","1807","NULL","NULL","7","10","12","NULL","7","10","12","NULL"
"1738","アラビアン ハイパー ナイト","NULL","607","967","1690","NULL","553","1211","1690","NULL","NULL","6","10","12","NULL","6","10","12","NULL"
"1739","オッド♡ラヴィ","198","534","900","1274","NULL","533","929","1258","NULL","2","5","8","10","NULL","5","8","10","NULL"
"1740","きみのせかい","NULL","518","845","1446","NULL","533","800","1600","NULL","NULL","5","8","11","NULL","5","8","11","NULL"
"1741","最強頂戴girl♡","NULL","433","746","1106","NULL","452","725","1070","NULL","NULL","4","8","10","NULL","4","8","10","NULL"
"1742","灼熱 Lost Summer Dayz","NULL","528","979","1453","NULL","529","995","1481","NULL","NULL","6","10","12","NULL","6","10","12","NULL"
"1743","消極的セツナイズム","NULL","490","807","1152","NULL","559","869","1213","NULL","NULL","5","8","10","NULL","5","8","10","NULL"
"1744","スキッテイエェエエェ!!!!","NULL","798","1328","2193","NULL","787","1284","2136","NULL","NULL","8","10","12","NULL","7","10","12","NULL"
"1745","スパークリング☆彡ハイパーチューン！！","NULL","743","1105","1843","NULL","747","1114","1913","NULL","NULL","6","9","12","NULL","7","10","12","NULL"
"1746","断罪の一花","NULL","448","785","1296","NULL","446","753","1254","NULL","NULL","4","8","11","NULL","4","8","11","NULL"
"1747","天使のカンタータ -Cantata of Angels-","NULL","637","1142","2205","NULL","626","1143","2222","NULL","NULL","6","10","12","NULL","6","10","12","NULL"
"1748","ドリムチウ","NULL","436","799","1312","NULL","442","796","1326","NULL","NULL","4","7","10","NULL","4","7","10","NULL"
"1749","爆ぜりゃんせ","NULL","568","977","1521","NULL","593","1003","1593","NULL","NULL","5","9","11","NULL","5","9","11","NULL"
"1750","ＰＡＳＴＥＬＩＳＭ","NULL","526","781","1070","NULL","535","799","1095","NULL","NULL","5","8","10","NULL","5","8","10","NULL"
"1751","ハルイロメロディー","NULL","442","706","1110","NULL","447","731","1069","NULL","NULL","4","7","10","NULL","4","7","10","NULL"
"1752","ファイナルレター","NULL","500","967","1371","NULL","509","956","1351","NULL","NULL","5","9","11","NULL","5","9","11","NULL"
"1753","無双","NULL","594","993","1677","NULL","589","991","1644","NULL","NULL","5","8","11","NULL","5","8","11","NULL"
"1754","Astra Blaze","NULL","599","1159","1730","NULL","599","1183","1767","NULL","NULL","6","10","12","NULL","6","10","12","NULL"
"1755","blue anthem","NULL","601","876","1504","NULL","580","878","1411","NULL","NULL","6","9","11","NULL","5","9","11","NULL"
"1756","COLOR BURST","103","396","701","1101","NULL","402","693","1109","NULL","1","4","7","10","NULL","4","7","10","NULL"
"1757","ESPRIT ONE","NULL","655","908","1476","NULL","605","961","1511","NULL","NULL","6","8","11","NULL","6","9","11","NULL"
"1758","Get Into The Groove feat.WaMi","NULL","502","715","1149","NULL","501","777","1140","NULL","NULL","5","7","10","NULL","5","7","10","NULL"
"1759","GO!","NULL","447","933","1618","NULL","556","956","1559","NULL","NULL","6","9","11","NULL","5","9","11","NULL"
"1760","HORIZON BEATZ","NULL","390","846","1289","NULL","389","904","1305","NULL","NULL","4","8","10","NULL","5","8","10","NULL"
"1761","King of Tribe","NULL","562","1044","1590","NULL","581","1057","1552","NULL","NULL","6","10","12","NULL","6","10","12","NULL"
"1762","Meteor☆Shower","NULL","486","1054","1493","NULL","535","1067","1505","NULL","NULL","5","9","11","NULL","5","9","11","NULL"
"1763","Mighty Beat Monsterz","NULL","641","991","1618","NULL","647","1038","1547","NULL","NULL","6","10","12","NULL","6","10","12","NULL"
"1764","RIZING-GAMERS.","NULL","526","1168","1759","NULL","538","1176","1751","NULL","NULL","5","10","12","NULL","5","10","12","NULL"
"1765","Shooting Star","119","420","759","1228","NULL","425","738","1256","NULL","NULL","7","8","9","NULL","6","9","11","NULL"
"1766","SILKY BRAVE","NULL","467","812","1203","NULL","464","770","1154","NULL","NULL","5","9","10","NULL","5","9","10","NULL"
"1767","Substance","NULL","609","890","1578","NULL","596","813","1477","NULL","NULL","5","8","11","NULL","5","8","11","NULL"
"1768","THUNDERSTRIKE","NULL","652","1085","1790","NULL","655","1060","1669","NULL","NULL","6","10","12","NULL","6","10","12","NULL"
"1769","Wizards!","NULL","404","829","1145","NULL","404","829","1101","NULL","NULL","4","8","10","NULL","4","8","10","NULL"
"1770","鏡像都市","NULL","420","700","985","NULL","442","700","995","NULL","NULL","4","7","9","NULL","4","7","9","NULL"
"1771","百恋ラブラスター","NULL","372","812","1324","NULL","391","738","1284","NULL","NULL","4","8","10","NULL","4","8","10","NULL"
"1772","メテオラ-meteor-","NULL","545","949","1249","NULL","545","935","1246","NULL","NULL","5","9","11","NULL","5","9","11","NULL"
"1773","Aerial Skydive","NULL","442","853","1210","NULL","441","842","1259","NULL","NULL","5","8","10","NULL","5","8","10","NULL"
"1774","airflow -dreaming of the sky- Game Edition","NULL","264","642","894","NULL","262","659","911","NULL","NULL","3","7","9","NULL","4","7","9","NULL"
"1775","ALL OK!!","NULL","613","1074","1564","NULL","597","1022","1590","NULL","NULL","6","10","12","NULL","6","10","12","NULL"
"1776","Amabie","NULL","424","827","1246","NULL","421","897","1186","NULL","NULL","4","8","10","NULL","4","8","10","NULL"
"1777","Astrogazer","NULL","418","784","1297","NULL","536","949","1335","NULL","NULL","5","9","11","NULL","6","9","11","NULL"
"1778","Black Apple","NULL","582","876","1404","NULL","598","870","1438","NULL","NULL","5","8","11","NULL","5","8","11","NULL"
"1779","BLAZING_LAZER","NULL","630","1084","1752","NULL","644","1100","1724","NULL","NULL","6","10","12","NULL","6","9","12","NULL"
"1780","Bleep Beep Bop","NULL","382","788","1237","NULL","420","790","1277","NULL","NULL","4","8","11","NULL","4","8","11","NULL"
"1781","CALDERA","NULL","436","686","787","NULL","438","665","754","NULL","NULL","7","10","11","NULL","6","9","12","NULL"
"1782","CARNIVOROUS","NULL","499","711","1198","NULL","514","750","1164","NULL","NULL","5","8","11","NULL","5","8","11","NULL"
"1783","CHOCOLATE PHILOSOPHY","NULL","330","684","1135","NULL","338","698","1167","NULL","NULL","4","7","10","NULL","4","7","10","NULL"
"1784","Chocolate Planet","NULL","459","763","1137","1566","469","757","1170","1537","NULL","4","8","10","NULL","4","8","10","NULL"
"1785","Chronoxia","NULL","575","1077","1665","NULL","593","1079","1683","NULL","NULL","6","10","12","NULL","6","10","12","NULL"
"1786","Clione (Ryu☆ Remix)","NULL","436","737","987","NULL","427","720","967","NULL","NULL","5","8","10","NULL","5","8","10","NULL"
"1787","Cold Moon","NULL","598","875","1431","NULL","598","901","1421","NULL","NULL","6","9","11","NULL","6","9","11","NULL"
"1788","concon","NULL","487","751","1230","1835","471","777","1220","1974","NULL","5","8","10","12","5","8","10","12"
"1789","Cosy Catastrophe","NULL","544","1072","1581","NULL","569","1124","1601","NULL","NULL","5","10","12","NULL","5","10","12","NULL"
"1790","Cross Fire","NULL","551","1134","1746","NULL","582","1149","1731","NULL","NULL","6","10","12","NULL","6","10","12","NULL"
"1791","CyberConnect","NULL","391","688","975","NULL","384","629","994","NULL","NULL","4","7","10","NULL","4","7","10","NULL"
"1792","Destiny lovers","NULL","336","506","938","NULL","375","529","939","NULL","NULL","4","6","10","NULL","4","6","10","NULL"
"1793","DO-IT-AMA-SITE!!!","NULL","537","750","1260","NULL","534","838","1246","NULL","NULL","5","9","11","NULL","5","9","11","NULL"
"1794","Dynasty","NULL","437","756","1300","NULL","548","871","1500","NULL","NULL","4","8","11","NULL","5","8","11","NULL"
"1795","FAKE STYLE II","NULL","391","763","1161","NULL","390","762","1150","NULL","NULL","4","7","10","NULL","4","7","10","NULL"
"1796","FEEDING FRENZY","NULL","677","1094","1549","NULL","731","1163","1562","NULL","NULL","7","10","12","NULL","7","10","12","NULL"
"1797","GHEL NAGARAJA","NULL","695","1141","1880","NULL","697","1110","1848","NULL","NULL","6","10","12","NULL","6","10","12","NULL"
"1798","Gimme a Big Beat","NULL","453","682","1117","NULL","455","735","1187","NULL","NULL","5","8","10","NULL","5","8","10","NULL"
"1799","GRAVITON","NULL","597","1040","1762","NULL","610","1073","1813","NULL","NULL","6","10","12","NULL","6","10","12","NULL"
"1800","GROOVE 04","NULL","423","660","960","NULL","432","681","910","NULL","NULL","4","7","9","NULL","4","7","9","NULL"
"1801","HAPPY☆LUCKY☆YEAPPY","NULL","580","968","1467","NULL","564","1002","1461","NULL","NULL","5","9","11","NULL","5","9","11","NULL"
"1802","Harmonia","NULL","376","629","1013","NULL","379","641","1007","NULL","NULL","4","7","10","NULL","4","7","10","NULL"
"1803","Ha･lle･lu･jah","NULL","388","690","911","1141","394","672","873","1130","NULL","4","7","9","10","4","7","9","10"
"1804","Hopeful Daybreak!!!","NULL","431","810","1533","NULL","413","777","1427","NULL","NULL","5","8","11","NULL","5","8","11","NULL"
"1805","I Want To Do This Keep","NULL","292","583","988","NULL","331","584","901","NULL","NULL","4","7","10","NULL","4","7","10","NULL"
"1806","Ignited Night","NULL","552","786","1211","NULL","534","787","1175","NULL","NULL","6","9","11","NULL","6","9","11","NULL"
"1807","In Your EyEs","NULL","593","995","1596","NULL","531","1009","1572","NULL","NULL","5","10","12","NULL","5","10","12","NULL"
"1808","Inner Spirit -GIGA HiTECH MIX-","NULL","530","1189","1702","NULL","540","1172","1700","NULL","NULL","6","10","12","NULL","6","10","12","NULL"
"1809","Inside Insight","NULL","510","824","1434","NULL","515","811","1447","NULL","NULL","5","8","11","NULL","5","8","11","NULL"
"1810","insist","NULL","513","925","1342","NULL","519","945","1379","NULL","NULL","5","9","11","NULL","5","9","11","NULL"
"1811","It’s my Miracle","NULL","519","815","1236","NULL","576","932","1260","NULL","NULL","5","8","10","NULL","5","8","10","NULL"
"1812","JET WORLD","NULL","334","484","949","NULL","333","483","925","NULL","NULL","4","6","10","NULL","4","6","10","NULL"
"1813","Juicy","NULL","359","722","1237","NULL","327","807","1162","NULL","NULL","3","7","9","NULL","3","7","9","NULL"
"1814","Lagrangian Point Ø","NULL","588","1014","1622","NULL","609","994","1635","NULL","NULL","6","10","12","NULL","6","10","12","NULL"
"1815","LIMIT TOPPA REVOLUTION","NULL","512","845","1387","NULL","515","844","1408","NULL","NULL","5","9","11","NULL","5","9","12","NULL"
"1816","Lycoris","NULL","392","698","1026","NULL","433","738","1058","NULL","NULL","4","7","10","NULL","4","7","10","NULL"
"1817","MANA","NULL","555","951","1392","NULL","557","856","1492","NULL","NULL","5","9","11","NULL","5","9","11","NULL"
"1818","Metagame Matador","NULL","545","912","1455","NULL","551","905","1425","NULL","NULL","6","9","11","NULL","6","9","11","NULL"
"1819","Note Highway ft. KANASA from bless4","NULL","443","797","1160","NULL","442","802","1195","NULL","NULL","5","8","10","NULL","5","8","10","NULL"
"1820","onslaught","NULL","713","1192","1927","NULL","729","1213","1973","NULL","NULL","7","10","12","NULL","7","10","12","NULL"
"1821","Pale Garden","NULL","341","646","1099","NULL","351","677","1080","NULL","NULL","4","7","10","NULL","4","7","10","NULL"
"1822","Plea Per Phase","NULL","520","892","1395","NULL","519","939","1379","NULL","NULL","5","9","11","NULL","5","9","11","NULL"
"1823","Poppin’ Soda","NULL","530","926","1444","NULL","532","914","1385","NULL","NULL","5","9","11","NULL","5","9","11","NULL"
"1824","Programmed Universe","NULL","409","723","1125","NULL","434","738","1133","NULL","NULL","4","7","10","NULL","4","7","10","NULL"
"1825","REFLEXES MANIPULATION","NULL","609","1049","1800","NULL","602","1035","1671","NULL","NULL","7","10","12","NULL","7","10","12","NULL"
"1826","Rejection Girl","201","514","844","1352","NULL","522","830","1390","NULL","NULL","5","9","11","NULL","5","9","11","NULL"
"1827","Remain","NULL","531","936","1319","NULL","550","904","1282","NULL","NULL","6","10","12","NULL","6","9","12","NULL"
"1828","Rush!!","NULL","429","764","1157","NULL","484","772","1131","NULL","NULL","4","7","10","NULL","4","7","10","NULL"
"1829","Sakura Sunrise","NULL","535","747","1154","NULL","458","751","1182","NULL","NULL","6","9","11","NULL","5","9","11","NULL"
"1830","sink into the dream","NULL","498","689","1060","NULL","514","718","1046","NULL","NULL","6","8","10","NULL","6","8","10","NULL"
"1831","Space Dog","NULL","167","454","848","NULL","167","449","853","NULL","NULL","2","6","9","NULL","2","6","9","NULL"
"1832","Spirit of the Beast","NULL","673","1100","1942","NULL","706","1284","1880","NULL","NULL","6","10","12","NULL","6","10","12","NULL"
"1833","squall","NULL","618","923","1369","NULL","596","943","1397","NULL","NULL","6","9","11","NULL","6","9","11","NULL"
"1834","STAY GOLD","NULL","510","948","1609","NULL","520","935","1580","NULL","NULL","5","9","12","NULL","5","9","12","NULL"
"1835","Stleq","NULL","527","890","1372","NULL","489","926","1492","NULL","NULL","5","9","11","NULL","5","9","11","NULL"
"1836","THE ANCIENT KING IS BACK","NULL","537","886","1350","NULL","549","896","1369","NULL","NULL","4","8","11","NULL","4","8","11","NULL"
"1837","The setting sun(burst)","NULL","409","746","1307","NULL","393","716","1483","NULL","NULL","5","8","11","NULL","5","8","11","NULL"
"1838","Too Late Snow","NULL","404","720","1014","NULL","441","725","992","NULL","NULL","4","7","9","NULL","4","7","9","NULL"
"1839","tricky trick","NULL","434","668","1173","NULL","429","671","1274","NULL","NULL","4","7","10","NULL","4","7","10","NULL"
"1840","TSAR BOMBA","NULL","585","1104","1751","NULL","580","1103","1749","NULL","NULL","6","10","12","NULL","6","10","12","NULL"
"1841","uən","NULL","735","1105","1547","NULL","752","1088","1550","NULL","NULL","7","10","12","NULL","7","10","12","NULL"
"1842","Vector","NULL","517","926","1265","NULL","512","912","1283","NULL","NULL","5","9","10","NULL","5","8","10","NULL"
"1843","VIVID DEBUT!","NULL","599","1005","1620","NULL","703","1071","1573","NULL","NULL","6","9","11","NULL","6","9","11","NULL"
"1844","Welcome to the Mosh Pit","NULL","576","1242","1659","NULL","594","1153","1657","NULL","NULL","6","10","12","NULL","6","10","12","NULL"
"1845","WILD FIRE","NULL","390","641","1043","NULL","389","703","1093","NULL","NULL","4","7","10","NULL","4","7","10","NULL"
"1846","100sec. Kitchen Battle!!","NULL","214","418","809","NULL","215","412","806","NULL","NULL","4","7","10","NULL","4","7","10","NULL"
"1847","1116","NULL","570","1041","1581","NULL","595","1095","1515","NULL","NULL","6","10","12","NULL","6","10","12","NULL"
"1848","24h Endurance Race","NULL","504","1096","1743","NULL","634","1160","1915","NULL","NULL","5","10","12","NULL","6","10","12","NULL"
"1849","3y3s(Long ver.)","NULL","1485","2744","3910","NULL","1571","2696","3659","NULL","NULL","7","10","12","NULL","8","10","12","NULL"
"1850","朱と碧のランページ","NULL","518","862","1266","NULL","512","850","1314","NULL","NULL","5","8","10","NULL","5","8","10","NULL"
"1851","イグジスター","NULL","495","914","1328","NULL","501","923","1331","NULL","NULL","5","9","11","NULL","5","9","11","NULL"
"1852","カラルの月","NULL","457","872","1343","NULL","475","866","1348","NULL","NULL","5","8","11","NULL","5","8","11","NULL"
"1853","鬼華-修羅の舞-","NULL","667","1270","2286","NULL","667","1317","2282","NULL","NULL","7","10","12","NULL","6","10","12","NULL"
"1854","キヤロラ衛星の軌跡","NULL","623","977","1652","NULL","609","954","1580","NULL","NULL","6","9","12","NULL","6","9","12","NULL"
"1855","檄","NULL","528","750","1251","NULL","505","748","1186","NULL","NULL","6","9","11","NULL","6","9","11","NULL"
"1856","月光蝶","NULL","340","777","1144","NULL","398","750","1066","NULL","NULL","5","9","11","NULL","5","9","11","NULL"
"1857","恋歌疾風！かるたクイーンいろは","NULL","583","1132","1643","NULL","600","1140","1627","NULL","NULL","6","10","12","NULL","6","10","12","NULL"
"1858","光風霽月","NULL","787","1191","1783","NULL","645","1117","1790","NULL","NULL","7","10","12","NULL","6","10","12","NULL"
"1859","雫","NULL","514","1039","1361","NULL","495","1019","1328","NULL","NULL","5","9","11","NULL","5","9","11","NULL"
"1860","終末を追う者","NULL","568","1132","1651","NULL","561","1132","1624","NULL","NULL","6","10","12","NULL","6","10","12","NULL"
"1861","少年リップルズ","NULL","451","903","1242","NULL","482","970","1284","NULL","NULL","4","9","11","NULL","4","9","11","NULL"
"1862","ジオメトリック∮ティーパーティー","NULL","728","1091","1664","NULL","727","1054","1649","NULL","NULL","7","10","12","NULL","7","10","12","NULL"
"1863","情熱タンデムRUNAWAY","NULL","587","1225","1727","NULL","613","1217","1735","NULL","NULL","6","10","12","NULL","6","10","12","NULL"
"1864","隅田川夏恋歌","NULL","341","611","1070","NULL","353","870","1303","NULL","NULL","4","7","10","NULL","4","8","10","NULL"
"1865","雪上断火","NULL","511","940","1544","NULL","530","956","1439","NULL","NULL","6","10","12","NULL","6","10","12","NULL"
"1866","天泣","NULL","630","1219","1869","NULL","622","1206","1935","NULL","NULL","5","10","12","NULL","5","10","12","NULL"
"1867","多極性ニューロンの崩壊による人間の末路","NULL","582","1171","1749","NULL","600","1147","1791","NULL","NULL","6","10","12","NULL","6","10","12","NULL"
"1868","タンポポ","NULL","635","973","1346","NULL","632","951","1436","NULL","NULL","6","9","11","NULL","6","9","11","NULL"
"1869","大見解","NULL","327","661","1268","NULL","357","664","1247","NULL","NULL","4","8","10","NULL","4","8","10","NULL"
"1870","ドゥサンコオデッセイ!!","NULL","563","1193","1861","NULL","564","1197","1864","NULL","NULL","6","10","12","NULL","6","10","12","NULL"
"1871","ポチコの幸せな日常","NULL","621","1033","1577","NULL","632","1050","1634","NULL","NULL","6","10","12","NULL","6","10","12","NULL"
"1872","未完成ノ蒸氣驅動乙女","NULL","550","1079","1538","NULL","571","1090","1495","NULL","NULL","5","10","12","NULL","5","10","12","NULL"
"1873","見習い天使と星降りの丘","NULL","474","1017","1706","NULL","474","1230","1791","NULL","NULL","5","10","12","NULL","5","10","12","NULL"
"1874","雷君","NULL","471","809","1375","NULL","485","859","1384","NULL","NULL","5","9","11","NULL","5","9","11","NULL"
"1875","♥LOVE² シュガ→♥","NULL","497","824","1153","NULL","508","849","1143","NULL","NULL","5","8","10","NULL","5","8","10","NULL"
"1876","リメンバーリメンバー","NULL","258","492","854","NULL","254","487","825","NULL","NULL","3","6","9","NULL","3","6","9","NULL"
"1877","繚乱ヒットチャート","NULL","477","925","1492","NULL","480","924","1518","NULL","NULL","4","8","11","NULL","4","8","11","NULL"
"1878","累乗のカルマ","NULL","560","820","1281","NULL","546","804","1192","NULL","NULL","5","8","10","NULL","5","8","10","NULL"
"1879","黎明の情","NULL","396","768","1119","NULL","400","786","1174","NULL","NULL","5","8","10","NULL","5","8","10","NULL"
"1880","レインボウ・フレーバー","NULL","435","753","1177","NULL","440","726","1167","NULL","NULL","4","7","10","NULL","4","7","10","NULL"
"1881","ロミとロボの宇宙飛行","NULL","487","770","1200","NULL","498","767","1200","NULL","NULL","5","8","10","NULL","5","8","10","NULL"